Type,SKU,Producer Type,Origin,Brand,Product Name,GTIN,Strain,Size (grams),THC %,CBD %,Terp %,Pack Date,Per Unit Cost,Qty/Case,Case Price,Cases Available,Quantity of Cases to Order,Total,,,INVEST  PER GRAM,,,,,,,,,
,PUR010365PO,,,314 Pure Premium,Powdered Donut,00853589000165,Indica,3.5,23.58%,<1%,,3/17/2022,$22.96,12,$275.52,5,, $-   ,,,$6.56,,,,,,,,,
,RUB010310RO,,,1964, Organic Romulan,00688318001010,Indica,3.5,21.17%,<1%,3.39%,3/15/2022,$21.44,12,$257.28,1,, $-   ,,,$6.13,,,,,,,,,
,RUB010303SO,,,1964,Sour Cookies,00688318001003,Hybrid,3.5,26.20%,<1%,1.92%,8/8/2022,$21.44,12,$257.28,1,, $-   ,,,$6.13,,,,,,,,,
,RUB010395LI,,,BC Organic,Lime Mi'jito,00688318001195,Sativa,3.5,29.20%,<1%,2.5%,9/6/2022,$28.31,12,$339.72,5,, $-   ,,,$8.09,,,,,,,,,
,RUB010354WH,,,BC Organic,White Rntz,00688318001454,Hybrid,3.5,27.50%,<1%,4.1%,8/9/2022,$28.31,6,$169.86,10,, $-   ,,,$8.09,,,,,,,,,
,BCB010399CA,,,The BC Bud Co.,Cashew Breath,00877579001499,Hybrid,3.5,21.20%,<1%,2.7%,,$14.96,12,$179.52,0,, $-   ,,,$4.27,,,,,,,,,
,CIT010375DE,,,Citoyen,Deadhead,00628176844275,Sativa,3.5,25.88%,<1%,2.54%,,$21.57,12,$258.84,0,, $-   ,,,$6.16,,,,,,,,,
,CIT012869MO,,,Citoyen,Monkey Grease,00628176844169,Indica,28.0,17.10%,<1%,,,$83.39,6,$500.34,0,, $-   ,,,$2.98,,,,,,,,,
,CIT010344PO,,,Citoyen,Power OG,006281746844244,Hybrid,3.5,26.24%,<1%,3.38%,4/11/2022,$22.93,12,$275.16,8,, $-   ,,,$6.55,,,,,,,,,
,CIT011429PO,,,Citoyen,Power OG,00628176844329,Hybrid,14.0,26.24%,<1%,,5/16/2022,$74.97,6,$449.82,1,, $-   ,Save $10.29 per unit,,$5.36,,,,,,,,,
,COA01353097,,,Coast Mountain Cannabis,***NEW*** Peanut Butter Souffle,00872387000085,Hybrid,3.5,28.50%,<1%,1.67%,6/21/2022,$29.96,12,$359.52,20,, $-   ,,,$8.56,,,,,,,,,
,COA01353274,,,Coast Mountain Cannabis,***NEW*** Pure Cake Skunk,00872387000009,Hybrid,3.5,29.30%,<1%,2.34%,7/25/2022,$29.96,12,$359.52,5,, $-   ,,,$8.56,,,,,,,,,
,COM010794LA,,,Common Ground,Larrry The Purple Alien(Milled),00879282000349,Indica,7.0,20.74%,<1%,,7/21/2022,$20.34,12,$244.08,27,, $-   ,,,$2.91,,,,,,,,,
,COM010718MA,,,Common Ground,Master Kush(Milled),00879282000318,Indica,7.0,19.75%,<1%,,7/7/2022,$20.34,12,$244.08,34,, $-   ,,,$2.91,,,,,,,,,
,COO010302E8,,,Cookies,***NEW*** E85,006282422634105,Hybrid,3.5,26.85%,<1%,2.90%,7/4/2022,$38.11,12,$457.32,11,, $-   ,,,$10.89,,,,,,,,,
,COO010351GE,,,Cookies,***NEW*** Georgia Pie,00628242263351,Indica,3.5,27.91%,<1%,2.40%,8/9/2022,$38.11,12,$457.32,4,, $-   ,,,$10.89,,,,,,,,,
,COO010759GE,,,Cookies,***NEW*** Georgia Pie,00628242264259,Indica,7.0,24.57%,<1%,4.00%,7/6/2022,$57.78,12,$693.36,8,, $-   ,,,$8.25,,,,,,,,,
,COO010382GP,,,Cookies,***NEW*** GP20,00628242263382,Hybrid,3.5,24.39%,<1%,2.40%,6/7/2022,$38.11,12,$457.32,11,, $-   ,,,$10.89,,,,,,,,,
,COO010766LO,,,Cookies,***NEW*** London Pound Cake,00628242264266,Indica,7.0,24.38%,<1%,1.20%,7/5/2022,$57.78,12,$693.36,10,, $-   ,,,$8.25,,,,,,,,,
,COO010333PI,,,Cookies,***NEW*** Pink Rozay,00628242263733,Indica,3.5,24.10%,<1%,2.80%,5/5/2022,$38.11,12,$457.32,10,, $-   ,,,$10.89,,,,,,,,,
,COO010772PI,,,Cookies,***NEW*** Pink Rozay,00628242260572,Indica,7.0,26.04%,<1%,2.70%,7/11/2022,$57.78,12,$693.36,9,, $-   ,,,$8.25,,,,,,,,,
,CYP010331KM,,,Cypress Craft, Kmintz,00689285001737,Indica,3.5,24.69%,<1%,,1/17/2022,$20.34,24,$488.16,2,, $-   ,,,$5.81,,,,,,,,,
,DEL010764EL,,,Delta 9,Electric Punch,00689285001560,Hybrid,7.0,23.35%,<1%,,7/14/2022,$27.83,12,$333.96,1,, $-   ,,,$3.98,,,,,,,,,
,DEL01809716,,,Delta 9,Electric Punch,00689285002215,Hybrid,28.0,20.60%,<1%,1.48%,1/30/2022,$77.97,6,$467.82,0,, $-   ,,,$2.78,,,,,,,,,
,DEL010786GR,,,Delta 9,Grower's Private Stash,00689285001782,Hybrid,7.0,24.98%,<1%,1.54%,8/5/2022,$26.34,12,$316.08,0,, $-   ,,,$3.76,,,,,,,,,
,DEL012808GR,,,Delta 9,Grower's Private Stash,00689285001904,Hybrid,28.0,22.44%,<1%,1.44%,8/6/2022,$77.97,6,$467.82,0,, $-   ,,,$2.78,,,,,,,,,
,DEL010779GR,,,Delta 9,Grower's Reserve,00689285001775,Hybrid,7.0,16.14%,<1%,1.23%,11/27/2021,$18.51,24,$444.24,3,, $-   ,Save $2.87 per unit,,$2.64,,,,,,,,,
,DEL010788HO,,,Delta 9,House Bud,00689285002284,Hybrid,7.0,10.45%,<1%,0.77%,12/30/2021,$16.97,24,$407.28,8,, $-   ,Save $2.48 per unit,,$2.42,,,,,,,,,
,DEL010745KA,,,Delta 9,Kali Mist,00689285001041,Hybrid,7.0,15.85%,<1%,0.60%,,$25.99,24,$623.76,0,, $-   ,,,$3.71,,,,,,,,,
,DEL090259SA,,,Delta 9,Sapphire Kief,00689285001652,Hybrid,2.0,31.71%,<1%,,,$9.04,12,$108.48,0,, $-   ,,,$4.52,,,,,,,,,
,DEL010317SC,,,Delta 9,Scoops,00689285002413,Indica,3.5,23.22%,<1%,,8/2/2022,$16.24,12,$194.88,0,, $-   ,,,$4.64,,,,,,,,,
,DEL010333SI,,,Delta 9,Sinaloa Gold,00689285001539,Hybrid,3.5,21.13%,<1%,,8/3/2022,$16.24,12,$194.88,3,, $-   ,,,$4.64,,,,,,,,,
,DEL010743WH,,,Delta 9,White Out,00689285000143,Hybrid,7.0,19.23%,<1%,1.73%,11/22/2021,$20.05,24,$481.20,0,, $-   ,Save $5.56 per unit,,$2.86,,,,,,,,,
,DEL01800571,,,Delta 9,White Out,00689285002222,Hybrid,28.0,19.46%,<1%,2.08%,8/31/2022,$77.97,6,$467.82,6,, $-   ,,,$2.78,,,,,,,,,
,EME010329HU,,,Emerald Health,Huckleberry Haze,00847023001429,Hybrid,3.5,23.70%,<1%,,,$14.96,12,$179.52,0,, $-   ,,,$4.27,,,,,,,,,
,GAG010335ET,,,Gage,***NEW***Ether OG,00628242264235,Indica,3.5,26.78%,<1%,1.30%,6/21/2022,$28.18,12,$338.16,11,, $-   ,,,$8.05,,,,,,,,,
,GRE010393AF,,,Greybeard,Afghani Drifter,00826494000193,Hybrid,3.5,25.54%,<1%,2.78%,3/21/2022,$28.45,12,$341.40,36,, $-   ,,,$8.13,,,,,,,,,
,GRE010385FP,,,Greybeard,FPOG (Fruity Pebble OG),00826494000285,Indica,3.5,25.61%,<1%,2.49%,4/26/2022,$28.45,12,$341.40,40,, $-   ,,,$8.13,,,,,,,,,
,GRO013025CE,,,Grown Here Farms,Organic CBD Flower,00877579001925,Indica,30.0,<1%,48.3mg/g,7.36%,5/2/2022,$26.44,6,$158.64,56,, $-   ,,,$0.88,,,,,,,,,
,GRO011902DI,,,Grown Here Farms,DIY CBD Oil Kit (For use with Grown Here Farms Organic CBD flower),00851865001370,-,-,-,-,-,-,$11.38,20,$227.60,11,, $-   ,,,#VALUE!,,,,,,,,,
,HOM012876IN,,,Homestead,Bandwagon Indica,00688318000976,Indica,28.0,21.76%,<1%,1.84%,,$94.76,6,$568.56,0,, $-   ,,,$3.38,,,,,,,,,
,HOM012883SA,,,Homestead,Bandwagon Sativa,00688318000983,Sativa,28.0,17.56%,<1%,3.06%,3/15/2022,$94.76,6,$568.56,20,, $-   ,,,$3.38,,,,,,,,,
,LII010312OR,,,Liiv,Orange Monkey,00841464002212,Indica,3.5,20.70%,<1%,,10/29/2021,$15.68,18,$282.24,9,, $-   ,,,$4.48,,,,,,,,,
,LII010313RO,,,Liiv,Route 66,00841464002113,Indica,3.5,22.00%,<1%,,,$15.68,18,$282.24,0,, $-   ,,,$4.48,,,,,,,,,
,LII010344SO,,,Liiv,Something About Larry,00841464002144,Sativa,3.5,20.49%,<1%,,11/22/2021,$15.68,18,$282.24,0,, $-   ,,,$4.48,,,,,,,,,
,LII010735SO,,,Liiv,Something About Larry,0084146003035,Sativa,7.0,22.93%,<1%,,,$28.51,12,$342.12,0,, $-   ,,,$4.07,,,,,,,,,
,LOU010328EX,,,The Loud Plug,Exotic Gas,00836780000028,Indica,3.5,22.46%,<1%,,11/30/2021,$23.52,12,$282.24,19,, $-   ,,,$6.72,,,,,,,,,
,LOU010371SP,,,The Loud Plug,Space Queen,00836780000271,Indica,3.5,23.42%,<1%,,3/4/2022,$23.52,12,$282.24,10,, $-   ,,,$6.72,,,,,,,,,
,MTL010388CO,,,MTL Cannabis,Cookies N' Cream,00628176600888,Hybrid,3.5,23.60%,<1%,2.58%,3/28/2022,$17.96,12,$215.52,0,, $-   , ** Save $4.60/ unit,,$5.13,,,,,,,,,
,MTL010370SA,,,MTL Cannabis,Sage N' Sour,00628176600970,Hybrid,3.5,26.20%,<1%,,9/7/2022,$22.56,12,$270.72,28,, $-   ,,,$6.45,,,,,,,,,
,MTL011487SA,,,MTL Cannabis,Sage N' Sour,00628176600887,Hybrid,14.0,23.60%,<1%,4.04%,3/30/2022,$77.62,4,$310.48,16,, $-   ,,,$5.54,,,,,,,,,
,MTL010346ST,,,MTL Cannabis,Strawberry N' Mintz,00628518000246,Sativa,3.5,27.90%,<1%,,6/3/2022,$22.56,12,$270.72,27,, $-   ,,,$6.45,,,,,,,,,
,MTL01355430,,,MTL Cannabis,***NEW***. Wes Coast Kush,00628518000505,Hybrid,3.5,29.90%,<1%,,9/7/2022,$22.56,12,$270.72,32,, $-   ,,,$6.45,,,,,,,,,
,MUS012830CH,,,Muskoka Grown,Chem OG,00628504819630,Sativa,28.0,23.84%,<1%,,3/10/2022,$59.96,6,$359.76,1,, $-   ,,,$2.14,,,,,,,,,
1,MUS012807FU,,,Muskoka Grown,Funkfetti,00628504819807,Indica,28.0,25.04%,<1%,,8/16/2022,$76.16,6,$456.96,0,, $-   ,,,$2.72,,,,,,,,,
,MUS011410IN,,,Muskoka Grown,Indica Classic,00628504819173,Indica,14.0,21.33%,<1%,2.93%,,$31.81,12,$381.72,0,, $-   ,,,$2.27,,,,,,,,,
,MUS012810IN,,,Muskoka Grown,Indica Classic,00628504819227,Indica,28.0,20.90%,<1%,,,$59.33,6,$355.98,0,, $-   ,,,$2.12,,,,,,,,,
,MUS01402126,,,Muskoka Grown,***NEW*** Koko's Cookies,00628504819821,Hybrid,14.0,33.45%,<1%,2.15%,,$65.54,6,$393.24,0,, $-   ,,,$4.68,,,,,,,,,
,MUS011410SA,,,Muskoka Grown,Sativa Classic,00628504819661,Sativa,14.0,18.43%,<1%,1.72%,,$31.81,12,$381.72,0,, $-   ,,,$2.27,,,,,,,,,
,MUS012810SA,,,Muskoka Grown,Sativa Classic,00628504819678,Sativa,28.0,18.43%,<1%,,,$59.33,6,$355.98,0,, $-   ,,,$2.12,,,,,,,,,
,NAT010307CR,,,Natural History, Crescendo,00628250992007,Indica,3.5,23.50%,<1%,2%,1/7/2022,$23.99,12,$287.88,7,, $-   ,,,$6.85,,,,,,,,,
,NAT01357302,,,Natural History,***NEW***Garlicane,00872789001079,Hybrid,3.5,24.00%,<1%,4%,4/18/2022,$27.17,12,$326.04,18,, $-   ,,,$7.76,,,,,,,,,
,NAT010369LA,,,Natural History,LA Kush Cake,00628250992069,Hybrid,3.5,24.00%,<1%,2%,6/28/2022,$27.17,12,$326.04,9,, $-   ,,,$7.76,,,,,,,,,
,NAT011014SH,,,Natural History,***NEW***Shredded Lettuce (Milled),00872789001314,Hybrid,10.0,20.60%,<1%,2%,8/19/2022,$23.99,8,$191.92,20,, $-   ,,,$2.40,,,,,,,,,
,NOR010393CH,,,***SK LP*** North 40 Cannabis,Cherry Milk,00811615001593,Hybrid,3.5,21.24%,<1%,3.8%,4/14/2022,$17.96,12,$215.52,5,, $-   ,,,$5.13,,,,,,,,,
,NOR010709CH,,,***SK LP*** North 40 Cannabis,Cherry Milk,00811615001609,Hybrid,7,21.24%,<1%,3.8%,4/20/2022,$34.96,12,$419.52,3,, $-   ,,,$4.99,,,,,,,,,
,NOR010308CR,,,***SK LP*** North 40 Cannabis,Crescendo,00811615001708,Hybrid,3.5,23.74%,<1%,3.9%,4/14/2022,$17.96,12,$215.52,7,, $-   ,,,$5.13,,,,,,,,,
,NOR010715CR,,,***SK LP*** North 40 Cannabis, Crescendo,00811615001715,Hybrid,7.0,23.74%,<1%,,,$34.96,12,$419.52,0,, $-   ,,,$4.99,,,,,,,,,
,NOR010333EL,,,***SK LP*** North 40 Cannabis,***NEW*** El Gordo,00811615002033,Sativa,3.5,27.80%,<1%,4.1%,10/4/2022,$24.96,12,$299.52,15,, $-   ,,,$7.13,,,,,,,,,
,NOR010740EL,,,***SK LP*** North 40 Cannabis,***NEW*** El Gordo,00811615002040,Sativa,7.0,29.62%,<1%,5%,7/15/2022,$48.96,12,$587.52,0,, $-   ,,,$6.99,,,,,,,,,
,NOR012864EL,,,***SK LP*** North 40 Cannabis,***NEW*** El Gordo,00811615002064,Sativa,28.0,29.62%,<1%,5%,,$179.96,6,"$1,079.76",0,, $-   ,,,$6.43,,,,,,,,,
,NOR010360FA,,,***SK LP*** North 40 Cannabis,Farm Gas,00811615000060,Indica,3.5,24.82%,<1%,3.8%,8/11/2022,$22.50,12,$270.00,7,, $-   ,,,$6.43,,,,,,,,,
,NOR010777FA,,,***SK LP*** North 40 Cannabis,Farm Gas,00811615000077,Indica,7.0,24.82%,<1%,3.8%,8/11/2022,$44.00,12,$528.00,3,, $-   ,,,$6.29,,,,,,,,,
,NOR010350LA,,,***SK LP*** North 40 Cannabis,Ladies Night,00811615000350,Indica,3.5,23.67%,<1%,3.1%,,$22.50,12,$270.00,0,, $-   ,,,$6.43,,,,,,,,,
,NOR010774LA,,,***SK LP*** North 40 Cannabis, Ladies Night,00811615000374,Indica,7.0,23.67%,<1%,3.1%,5/14/2022,$44.00,12,$528.00,8,, $-   ,,,$6.29,,,,,,,,,
,NOR011481LA,,,***SK LP*** North 40 Cannabis, Ladies Night,00811615000381,Indica,14.0,23.67%,<1%,3.1%,6/15/2022,$85.94,6,$515.64,1,, $-   ,,,$6.14,,,,,,,,,
,NOR012898LA,,,***SK LP*** North 40 Cannabis,Ladies Night,00811615000398,Indica,28.0,23.67%,<1%,3.1%,,$146.85,6,$881.10,0,, $-   ,,,$5.24,,,,,,,,,
,NOR010310PE,,,***SK LP*** North 40 Cannabis,Pear Effect,00811615000718,Hybrid,3.5,24.2%,<1%,1.8%,3/14/2022 4/14/2022,$17.96,12,$215.52,14,, $-   ,,,$5.13,,,,,,,,,
,NOR010732PE,,,***SK LP*** North 40 Cannabis,Pear Effect,00811615000732,Hybrid,7.0,24.2%,<1%,1.8%,4/14/2022,$34.96,12,$419.52,1,, $-   ,,,$4.99,,,,,,,,,
,HEX012869KU,,,Original Stash,Kush,00697238121869,Indica,28.0,22.30%,<1%,,5/2/2022,$76.46,6,$458.76,0,, $-   ,,,$2.73,,,,,,,,,
,ORI012853LE,,,Original Stash,***NEW*** ONE Lemon Margy,00697238121753,Hybrid,28.0,20.60%,<1%,,5/30/2022,$76.46,6,$458.76,1,, $-   ,,,$2.73,,,,,,,,,
,ORI012890PO,,,Original Stash,ONE Powdered Donuts,00697238130090,Indica,28.0,18.50%,<1%,,2/3/2022,$69.97,12,$839.64,15,, $-   ,Save $6.49 per unit,,$2.50,,,,,,,,,
,ORI01357508,,,Original Stash,Powdered Donuts,00697238118043,Indica,3.5,18.50%,<1%,,3/16/2022,$10.61,24,$254.64,5,, $-   ,,,$3.03,,,,,,,,,
,OUE010351BE,,,Ouest, Bermuda Triangle,00628176844251,Hybrid,3.5,35.55%,<1%,2.84%,,$30.58,12,$366.96,0,, $-   ,,,$8.74,,,,,,,,,
,OUE011443BE,,,Ouest,Bermuda Triangle,00628176844343,Hybrid,14.0,35.55%,<1%,2.84%,8/11/2022,$108.48,6,$650.88,1,, $-   ,,,$7.75,,,,,,,,,
,OUE010328OR,,,Ouest,Oreoz,00628176844428,Indica,3.5,28.34%,<1%,2.72%,9/7/2022,$28.81,12,$345.72,9,, $-   ,,,$8.23,,,,,,,,,
,OUE01404399,,,Ouest,Oreoz,00628176844022,Indica,14.0,28.34%,<1%,2.72%,9/7/2022,$96.05,6,$576.30,3,, $-   ,,,$6.86,,,,,,,,,
,OUE010315PU,,,Ouest,Punchee Tart,00628176844015,Hybrid,3.5,25.83%,<1%,,,$23.99,12,$287.88,0,, $-   ,,,$6.85,,,,,,,,,
,PAR010323WH,,,Paradise Cannabis,White Flame,00689285002529,Hybrid,3.5,21.67%,<1%,,12/5/2021,$17.78,24,$426.72,4,, $-   ,Save $2.00 per unit,,$5.08,,,,,,,,,
,PRA010373BL,,,Prairie Craft Canopy,Black Cherry Punch,00689285002079,Hybrid,3.5,23.65%,<1%,,,$20.57,24,$493.68,0,, $-   ,,,$5.88,,,,,,,,,
,POO010231IN,,,Poolboy, Infused Milled Flower (Concentrate),00853589000431,Hybrid,2.0,47.99%,<1%,,7/5/2022,$31.56,6,$189.36,30,, $-   ,,,$15.78,,,,,,,,,
,PRA010303PO,,,Prairie Craft Canopy,Powdered Donuts,00689285002109,Hybrid,3.5,26.82%,<1%,,11/28/2021,$26.49,12,$317.88,4,, $-   ,,,$7.57,,,,,,,,,
,RED010310BL,,,Red Barn,Blackberry Gelato,00811615001388,Indica,3.5,26.41%,<1%,1.3%,9/4/2022,$19.26,12,$231.12,0,, $-   ,,,$5.50,,,,,,,,,
,RED010710BL,,,Red Barn,Blackberry Gelato,00811615001395,Indica,7.0,26.41%,<1%,1.3%,9/4/2022,$37.36,12,$448.32,1,, $-   ,,,$5.34,,,,,,,,,
,RED012818BL,,,Red Barn,Blackberry Gelato,00811615001418,Indica,28.0,26.41%,<1%,1.3%,9/4/2022,$116.00,6,$696.00,5,, $-   ,,,$4.14,,,,,,,,,
,RED010310CA,,,Red Barn,Captain Kush,00811615001456,Indica,3.5,25.80%,<1%,2.3%,6/16/2022,$19.26,12,$231.12,12,, $-   ,,,$5.50,,,,,,,,,
,RED010710CA,,,Red Barn,Captain Kush,00811615001463,Indica,7.0,25.67%,<1%,2.4%,10/4/2022,$37.36,12,$448.32,8,, $-   ,,,$5.34,,,,,,,,,
,RED011470CA,,,Red Barn,Captain Kush,00811615001470,Indica,14.0,25.80%,<1%,2.3%,4/14/2022,$61.00,6,$366.00,1,, $-   ,,,$4.36,,,,,,,,,
,RED012887CA,,,Red Barn,Captain Kush,00811615001487,Indica,28.0,25.67%,<1%,2.4%,9/4/2022,$112.00,6,$672.00,0,, $-   ,,,$4.00,,,,,,,,,
,NOR010351CO,,,***SK LP*** Red Barn,***NEW*** Cosmic Funk/Space Cake,00811615001951,Hybrid,3.5,29.62%,<1%,3%,7/18/2022,$24.96,12,$299.52,20,, $-   ,,,$7.13,,,,,,,,,
,NOR010768CO,,,***SK LP*** Red Barn,***NEW*** Cosmic Funk/Space Cake,00811615001968,Hybrid,7.0,29.62%,<1%,3%,7/20/2022,$48.96,12,$587.52,17,, $-   ,,,$6.99,,,,,,,,,
,NOR012882CO,,,***SK LP*** Red Barn,***NEW*** Cosmic Funk/Space Cake,00811615001982,Hybrid,28.0,29.62%,<1%,3%,,$179.96,6,"$1,079.76",0,, $-   ,,,$6.43,,,,,,,,,
,SIM01350336,,,Simply Bare,***NEW***.  Duct Tape (Selects),00688318001928,Hybrid,3.5,27.60%,<1%,2.73%,9/13/2022,$28.31,6,$169.86,20,, $-   ,,,$8.09,,,,,,,,,
,SIM01802807,,,Simply Bare,***NEW***.  Lime Mi'jito (Selects),00688318002178,Sativa,28,29.20%,<1%,2.51%,9/13/2022,$153.44,3,$460.32,0,, $-   ,,,$5.48,,,,,,,,,
,SUG010310PR,,,Sugarbud Craft Growers,PreNup,00684606135184,Hybrid,3.5,18.63%,<1%,,,$11.00,12,$132.00,0,, $-   ,,,$3.14,,,,,,,,,
,TAN010310BC,,,Tantalus Labs ,Blackberry Cream,00695275001168,Indica,3.5,20.70%,<1%,2.20%,5/31/2022,$18.79,12,$225.48,15,, $-   ,,,$5.37,,,,,,,,,
,TAN010320SU,,,Tantalus Labs ,Sunset Sherbet,00695275001120,Indica,3.5,21.49%,<1%,3.86%,4/12/2022,$18.79,12,$225.48,10,, $-   ,,,$5.37,,,,,,,,,
,TAN01353549,,,Tantalus Labs ,Tropicanna Cookies,00695275001229,Sativa,3.5,22.99%,<1%,3.41%,7/27/2022,$18.79,12,$225.48,0,, $-   ,,,$5.37,,,,,,,,,
,TOP010211CL,,,Top Up, Clementine,00628176844411,Sativa,2.0,22.4%,<1%,2.79%,4/12/2022,$14.16,24,$339.84,9,, $-   ,** Premium flower at an accessible price,,$7.08,,,,,,,,,
,TOP010204SU,,,Top Up, Super Stash,00628176844404,Hybrid,2.0,26.24%,<1%,3.38%,4/13/2022,$14.16,24,$339.84,9,, $-   ,** Premium flower at an accessible price,,$7.08,,,,,,,,,
,VIG010349CA,,,VIGR Life Cannabis,Cake #9,00627987942095,Indica,3.5,19.46%,<1%,,6/7/2022,$19.78,12,$237.36,0,, $-   ,,,$5.65,,,,,,,,,
,VIG010340GR,,,VIGR Life Cannabis,Grape Galena,00627987942132,Indica,3.5,18.30%,<1%,2.72%,4/6/2022,$19.78,12,$237.36,0,, $-   ,,,$5.65,,,,,,,,,
,VIG010344VA,,,VIGR Life Cannabis,Vanilla Ice,00627987942101,Indica,3.5,21.36%,<1%,4.45%,5/5/2022,$21.75,12,$261.00,0,, $-   ,,,$6.21,,,,,,,,,
,VIG010341WA,,,VIGR Life Cannabis,Watermelon OG,00627987942088,Indica,3.5,22.36%,<1%,2.49%,5/24/2022,$21.75,12,$261.00,0,, $-   ,,,$6.21,,,,,,,,,
,WIL010367BL,,,Wildlife,***NEW*** Blackberry Gelato,00628639001467,Indica,3.5,28.07%,<1%,1.94%,6/27/2022,$18.22,12,$218.64,124,, $-   ,,,$5.21,,,,,,,,,
,WIL010374SU,,,Wildlife,***NEW*** Sun Country Kush,00628639001474,Hybrid,3.5,24.37%,<1%,1.42%,8/10822,$18.22,12,$218.64,126,, $-   ,,,$5.21,,,,,,,,,
,Infused Pre-Rolls,,,,,,,,,,,,,,,*,,,,,,,,,,,,,,
,PUR090189IN,,,314 Pure Premium,Hash Infused (Concentrate),00853589000189,Hybrid,1 x 1g,39.63%,<1%,,,$10.26,12,$123.12,0,, $-   ,,,,,,,,,,,,
,PUR090572IN,314 Pure Premium,Kief Infused (Concentrate),314 Pure Premium,Kief Infused (Concentrate),00853589000172,Hybrid,4 X 0.5g,23.00%,<1%,,5/3/2022,$11.96,12,$143.52,17,, $-   ,,,,,,,,,,,,
,APO090503IN,,,Apothecary Botanicals,"Infused (Gelato w/Diamonds, Concentrate)",00877579002403,Hybrid,2 x 0.5g,41.26%,<1%,,,$13.97,6,$83.82,0,, $-   ,,,,,,,,,,,,
,BOX090166AL,,,BoxHot,***NEW*** Fatties Alien OG INFUSED BLUNT,00848876001666,,1 x 1g,,<1%,,,$10.58,12,$126.96,0,, $-   ,,,,,,,,,,,,
,BOX090173CH,,,BoxHot,***NEW*** Fatties Cherry Kush INFUSED BLUNT,00848876001673,,1 x 1g,32.20%,<1%,,7/30/2022,$10.58,12,$126.96,50,, $-   ,,,,,,,,,,,,
,BOX090173PE,,,BoxHot,***NEW*** Fatties Peach OG INFUSED BLUNT,00848876002373,,1 x 1g,32.00%,<1%,,8/24/2022,$10.58,12,$126.96,50,, $-   ,,,,,,,,,,,,
,BIG020101BU,,,BIG Concentrates,Bubble Hash Infused,00836780000493,Hybrid,1 x 1g,36.72%,<1%,3.1%,6/1/2022,$14.69,12,$176.28,27,, $-   ,,,,,,,,,,,,
,DEL05109263,,,Delta 9,***NEW*** Space Stix,00689285002444,,2 x 0.5g,41.34%,<1%,,9/13/2022,$10.99,12,$131.88,10,, $-   ,,,,,,,,,,,,
,HYC020502LE,,,Hycycle, Hyroller Lemon Riot Infused,00848876001970,Sativa,2 x 0.5g,31.00%,<1%,1.87%,,$10.88,6,$65.28,0,, $-   ,,,,,,,,,,,,
,HYC020502WA,,,Hycycle, Hyroller Wappa Infused,00848876001963,Indica,2 x 0.5g,31.00%,<1%,2.79%,6/20/2022,$10.88,6,$65.28,0,, $-   ,,,,,,,,,,,,
,LOU020101BE,,,The Loud Plug,Benny Blunto Infused,00836780000615,Hybrid,1 x 1g,36.72%,<1%,3.1%,,$14.76,12,$177.12,0,, $-   ,,,,,,,,,,,,
,NOR090545FA,,,***SK LP*** North 40 Cannabis,Farm Gas  Diamond Infused Magnum (Concentrate),00811615001845,Indica,3 x 0.5g,41.20%,<1%,,5/11/2022,$25.43,12,$305.16,0,, $-   ,,,,,,,,,,,,
,NOR020101FA,,,***SK LP*** North 40 Cannabis,Farm Gas THCa Diamond Infused Blunt (Concentrate),00811615001838,Indica,1 x 1g,41.20%,<1%,,,$19.35,12,$232.20,0,, $-   ,,,,,,,,,,,,
,NOR090510PL,,,***SK LP*** North 40 Cannabis, Platinum OG Infused (Concentrate),00811615000923,Hybrid,3 x 0.5g,38.16%,<1%,2.6%,,$17.56,12,$210.72,0,, $-   ,,,,,,,,,,,,
,POO05091043,,,Poolboy,***NEW*** Ice Infused,00853589000349,Hybrid,1 x 0.75g,41.18%,<1%,,9/12/2022,$14.69,12,$176.28,15,, $-   ,,,,,,,,,,,,
,POO093532DI,,,Poolboy,Diamond Infused ,00853589000332,Hybrid,8 x 0.35g,33.94%,<1%,,7/11/2022,$36.01,6,$216.06,22,, $-   ,,,,,,,,,,,,
,POO020405SU,,,Poolboy,Sunshine Infused,00853589000462,Hybrid,5 x 0.4g,47.99%,<1%,,,$33.60,6,$201.60,0,, $-   ,,,,,,,,,,,,
,Pre-Rolls,,,,,,,,,,,,,,,*,,,,,,,,,,,,,,
,APO020101GR,,,Apothecary,Grandpa's Stash,00877579000867,Hybrid,1 x 1g,19.58%,<1%,,,$6.17,24,$148.08,0,, $-   ,,,,,,,,,,,,
,RUB020503LI,,,BC Organic,Lime Mi'jito,00688318001218,Sativa,3 x 0.5g,29.00%,<1%,2.41%,9/6/2022,$17.08,24,$409.92,17,, $-   ,,,,,,,,,,,,
,BLK020101CH,,,BLK MKT,Cherry Punch,00628504701324,Indica,1 x 1g,20.42%,<1%,,,$6.97,12,$83.64,0,, $-   ,,,,,,,,,,,,
,COM020510AM,,,Common Ground,Amherst Sour Diesel,00879282000547,Sativa,10 x 0.5g,20.28%,<1%,,09/01/22,$17.84,12,$214.08,0,, $-   ,,,,,,,,,,,,
,COM020510MA,,,Common Ground,Master Kush,00879282000509,Indica,10 x 0.5g,21.01%,<1%,,08/29/22,$17.84,12,$214.08,0,, $-   ,,,,,,,,,,,,
,COO020101AP,,,Cookies,***NEW*** Apples and Bananas,00628242260275,Hybrid,1 x 1g,24.93%,<1%,,08/22/22,$11.65,12,$139.80,16,, $-   ,,,,,,,,,,,,
,COO020101E8,,,Cookies,***NEW*** E85,00628242264099,Hybrid,1 x 1g,27.44%,<1%,,07/05/22,$11.65,12,$139.80,15,, $-   ,,,,,,,,,,,,
,COO020101GE,,,Cookies,***NEW*** Georgia Pie,00628242263368,Indica,1 x 1g,24.73%,<1%,,09/22/22,$11.65,12,$139.80,14,, $-   ,,,,,,,,,,,,
,COO020101GP,,,Cookies,***NEW*** GP20,00628242263870,Hybrid,1 x 1g,20.91%,<1%,,06/02/22,$11.65,12,$139.80,13,, $-   ,,,,,,,,,,,,
,COO020101LO,,,Cookies,***NEW*** London Pound Cake,00628242263603,Indica,1 x 1g,23.88%,<1%,,08/09/22,$11.65,12,$139.80,14,, $-   ,,,,,,,,,,,,
,COO020101PI,,,Cookies,***NEW*** Pink Rozay,00628242263740,Indica,1 x 1g,22.52%,<1%,,06/10/22,$11.65,12,$139.80,6,, $-   ,,,,,,,,,,,,
CYP020502KM,CYP020502KM,,,Cypress Craft,Kmintz,00689285002130,Hybrid,2 x 0.5g,23.23%,<1%,,,$6.22,48,$298.56,0,, $-   ,,,,,,,,,,,,
,EMB090252HA,,,Embark Bubbleman, Hash Hits,00822558000352,Indica,5 x 0.2g,32.29%,<1%,,,$15.10,12,$181.20,0,, $-   ,,,,,,,,,,,,
,DEL020502BL,,,Delta 9,Bliss,00689285000013,Hybrid,2 x 0.5g,15.78%,<1%,,7/9/22,$4.80,24,$115.20,50,, $-   ,,,,,,,,,,,,
,DEL022504GR,,,Delta 9,Growers Reserve Stubbies,00689285002253,,4 x 0.25g,17.97%,<1%,,9/14/22,$6.50,24,$156.00,19,, $-   ,,,,,,,,,,,,
,DEL020101PR,,,Delta 9,Prairie Blaze,00689285002666,Hybrid,2 x 0.5g,24.98%,<1%,,8/11/22,$6.22,24,$149.28,0,, $-   ,,,,,,,,,,,,
,DEL02091102,,,Delta 9,Private Stash Stubbies,00689285002246,Hybrid,4 x 0.25g,24.65%,<1%,,7/26/22,$7.06,24,$169.44,18,, $-   ,,,,,,,,,,,,
,DEL020502TW,,,Delta 9,Twist,00689285001003,Hybrid,2 x 0.5g,19.42%,<1%,,7/22/22,$5.37,24,$128.88,61,, $-   ,,,,,,,,,,,,
,GAG020503ET,,,Gage,***NEW*** Ether OG,00628242264228,Indica,3 x .5g,27.3%,<1%,,9/1/2022,$14.01,12,$168.12,2,, $-   ,,,,,,,,,,,,
,GRE020503FP,,,Greybeard,FPOG (Fruity Pebbles OG),00826494000339,Indica,3 x 0.5g,23.6%,<1%,,7/11/2022,$11.23,12,$134.76,30,, $-   ,,,,,,,,,,,,
,GHO02102233,,,Ghost Drops,***NEW***.  Z-Splitter Blunt,00872789001345,Hybrid,1 x 1,25.2%,<1%,,5/7/2022,$10.74,12,$128.88,29,, $-   ,,,,,,,,,,,,
,HAR020310CH,,,Harts, Charlotte's Angel CBD,00835861000117,Sativa,10 x 0.35g,<1%,5.4%,,9/13/2022,$8.85,12,$106.20,30,, $-   ,,,,,,,,,,,,
,HAR020310JU,,,Harts,Jungle Cake,00835861000506,Sativa,10 x 0.35g,21.90%,<1%,,9/13/2022,$20.88,12,$250.56,70,, $-   ,,,,,,,,,,,,
,HAR020310KU,,,Harts,Kush Mintz,00835861000513,Hybrid,10 x 0.35g,30.10%,<1%,,9/8/2022,$20.88,12,$250.56,36,, $-   ,,,,,,,,,,,,
,HAR020310PI,,,Harts,Pink Gas,00835861000131,Hybrid,10 x 0.35g,19.90%,<1%,,9/13/2022,$16.74,12,$200.88,37,, $-   ,,,,,,,,,,,,
,HAR020310BI,,,Harts,Biscotti Gushers,00835861000124,Hybrid,10 x 0.35g,24.60%,<1%,,9/18/2022,$16.74,12,$200.88,77,, $-   ,,,,,,,,,,,,
,LII020101BA,,,Liiv,Bali Kush,00841464000300,Indica,1 x 1g,23.39%,<1%,,,$6.05,24,$145.20,0,, $-   ,,,,,,,,,,,,
,LII020101OR,,,Liiv,Orange Monkey,00841464002205,Indica,1 x 1g,21.09%,<1%,,,$6.05,24,$145.20,0,, $-   ,,,,,,,,,,,,
,LII020101RO,,,Liiv,Route 66,00841464002106,Indica,1 x 1g,23.49%,<1%,,,$6.05,24,$145.20,0,, $-   ,,,,,,,,,,,,
,LII020101SO,,,Liiv,Something About Larry,00841464002151,Sativa,1 x 1g,21.02%,<1%,,,$6.05,24,$145.20,0,, $-   ,,,,,,,,,,,,
,LOU090154BE,,,The Loud Plug,Benny Blunto (Blunts),00836780000554,Indica,1 x 1g,24.61%,<1%,2.67%,,$8.12,12,$97.44,0,, $-   ,,,,,,,,,,,,
,LOU020503BE,,,The Loud Plug,Benny Blunto Guava Biscotti BLUNT,00836780000325,Indica,3 x 0.5g,22.41%,<1%,3.2%,,$13.99,12,$167.88,0,, $-   ,,,,,,,,,,,,
,LOU020503EX,,,The Loud Plug, Exotic Gas,00836780000998,Indica,3 x 0.5g,23.55%,<1%,3.18%,5/17/2022 7/5/2022,$11.20,12,$134.40,17,, $-   ,,,,,,,,,,,,
,LOU020503PE,,,The Loud Plug,Peanut Butter  ,00086780001018,Indica,3 x 0.5g,23.42%,<1%,2.47%,,$11.20,12,$134.40,0,, $-   ,,,,,,,,,,,,
,LOU020503VE,,,The Loud Plug,Venom OG,00836780001001,Indica,3 x 0.5g,24.61%,<1%,2.67%,,$11.20,12,$134.40,0,, $-   ,,,,,,,,,,,,
,MTL020503CO,,,MTL Cannabis,Cookies N' Cream,00628176600925,Indica,3 x 0.5g,23.50%,<1%,,9/7/2022,$10.82,24,$259.68,12,, $-   ,,,,,,,,,,,,
,MTL020503SA,,,MTL Cannabis,Sage N' Sour,00628518000031,Hybrid,3 x 0.5g,25.60%,<1%,,9/7/2022,$10.82,24,$259.68,20,, $-   ,,,,,,,,,,,,
,MTL020503ST,,,MTL Cannabis,***NEW*** Strawberry N' Mintz,00628518000260,Sativa,3 x 0.5g,24.60%,<1%,,9/7/2022,$10.82,24,$259.68,9,, $-   ,,,,,,,,,,,,
Pre-rolls,MUS020507CH,,,Muskoka Grown,Chem OG,00628504819135,Indica,7 x 0.5g,20.01%,<1%,,,$14.96,12,$179.52,0,, $-   ,,,,,,,,,,,,
,NAT02059121,,,Natural History,***NEW***.  Garlicane,00872789001505,Hybrid,3 x 0.5g,23.2%,<1%,3.30%,4/29/2022,$12.51,12,$150.12,25,, $-   ,,,,,,,,,,,,
,NAT020503LA,,,Natural History,LA Kush Cake,00628250992151,Hybrid,3 x 0.5g,23.9%,<1%,2.20%,8/25/2022,$12.51,12,$150.12,9,, $-   ,,,,,,,,,,,,
,NOR02057329,,,***SK LP*** North 40 Cannabis,***NEW***El Gordo,00811615002071,Sativa,3 x 0.5g,30.06%,<1%,4.60%,9/1/2022,$10.99,24,$263.76,160,, $-   ,,,,,,,,,,,,
,NOR02104497,,,North 40 Cannabis,Ladies Night,00811615000497,Indica,1 x 1,27.6%,<1%,3.60%,,$8.10,12,$97.20,0,, $-   ,,,,,,,,,,,,
,NOR02051254,,,North 40 Cannabis,Ladies Night,00811615000459,Indica,3 x 0.5g,27.60%,<1%,3.60%,6/10/2022,$10.06,12,$120.72,0,, $-   ,,,,,,,,,,,,
,NOR020503PL,,,North 40 Cannabis,Platinum OG,00811615000053,Indica,3 x 0.5g,22.00%,<1%,2.60%,,$8.99,12,$107.88,0,, $-   ,,,,,,,,,,,,
,NOR020503RA,,,North 40 Cannabis,Rainbow Pie,00811615001913,Sativa,3 x 0.5g,30.13%,<1%,3.20%,,$10.20,12,$122.40,0,, $-   ,,,,,,,,,,,,
,OAK020305SP,,,Oakum Cannabis,Spire Mazzberry,00628678177086,Hybrid,5 x 0.3g,19.42%,<1%,,,$9.56,12,$114.72,0,, $-   ,,,,,,,,,,,,
,POO020305BR,,,Poolboy,***NEW Format*** Bruce,00853589000011,Hybrid,5 x 0.35g,20.41%,<1%,,9/15/2022,$11.46,12,$137.52,50,, $-   ,,,,,,,,,,,,
,POO020410BR,,,Poolboy,Bruce,00853589000202,Hybrid,10 x 0.4g,22.96%,<1%,,9/15/2022,$18.98,12,$227.76,50,,,,,,,,,,,,,,
,POO02058764,,,Poolboy,***NEW*** Mixer,00853589000497,,10 x 0.4g,26.79%,<1%,,8/12/2022,$24.74,12,$296.88,50,,,,,,,,,,,,,,
,POO020410RA,,,Poolboy,Raspberry Cough,00853589000141,Hybrid,10 x 0.4g,18.33%,<1%,,9/12/2022,$22.04,12,$264.48,20,, $-   ,,,,,,,,,,,,
,POO020410ST,,,Poolboy,Strawberry Banana,00853589000158,Hybrid,10 x 0.4g,19.69%,<1%,,,$22.04,12,$264.48,0,, $-   ,,,,,,,,,,,,
,POO020305KI,,,Poolboy,King Tut,00853589000035,Sativa,5 x 0.35g,18.47%,<1%,,,$11.46,12,$137.52,0,, $-   ,,,,,,,,,,,,
,PRA020502PO,,,Prairie Craft,Powdered Donuts,00689285002628,Indica,2 x 0.5g,25.50%,<1%,,9/11/2022,$6.78,24,$162.72,25,, $-   ,,,,,,,,,,,,
,RED020503BL,,,Red Barn, Blackberry Gelato,00811615001425,Indica,3 x 0.5g,22.21%,<1%,,5/31/2022,$9.32,12,$111.84,17,, $-   ,,,,,,,,,,,,
,RED020503CA,,,Red Barn,Captain Kush,00811615001494,Indica,3 x 0.5g,26.12%,<1%,2.30%,6/8/2022,$9.32,12,$111.84,25,, $-   ,,,,,,,,,,,,
,RUB020503WH,,,Simply Bare,BC Organic White Rntz,00688318001713,Hybrid,3 x 0.5g,23.27%,<1%,2.85%,,$17.08,24,$409.92,0,, $-   ,,,,,,,,,,,,
,SIM02050431,,,Simply Bare,***NEW***.  Duct Tape (Selects),00688318002383,Hybrid,3 x 0.5g,27.10%,<1%,2.18%,9/13/2022,$17.08,24,$409.92,6,, $-   ,,,,,,,,,,,,
,SKO020503DA,,,Skosha,Mirage Plus,00628504385197,Indica,3 x 0.5g,25.10%,<1%,2.10%,9/23/2022,$11.30,12,$135.60,10,, $-   ,,,,,,,,,,,,
,SKO020503DA,,,Skosha,Dartmouth Kush,00628504385401,Hybrid,3 x 0.5g,24.35%,<1%,3.50%,9/23/2022,$11.30,12,$135.60,20,, $-   ,,,,,,,,,,,,
,TAN020503BD,,,Tantalus Labs,Black Diamond,00695275001151,Indica,3 x 0.5g,23.54%,<1%,,5/24/2022,$9.77,24,$234.48,8,, $-   ,,,,,,,,,,,,
,TAN020507KU,,,Tantalus Labs,Kush Punch,00695275001021,Hybrid,7 x 0.5g,25.75%,<1%,,3/24/2022,$17.40,12,$208.80,22,, $-   ,,,,,,,,,,,,
,TAN020503LA,,,Tantalus Labs,LA Kush Cake,00695275000703,Indica,3 x 0.5g,21.36%,<1%,,,$9.77,24,$234.48,0,, $-   ,,,,,,,,,,,,
,TAN020503MO,,,Tantalus Labs,More Cowbell,00695275000895,Hybrid,3 x 0.5g,28.15%,<1%,,,$9.77,24,$234.48,0,, $-   ,,,,,,,,,,,,
,TAN020503PA,,,Tantalus Labs,Pacific OG,00695275000468,Hybrid,3 x 0.5g,24.88%,<1%,,8/25/2022,$9.77,24,$234.48,8,, $-   ,,,,,,,,,,,,
,TAN020503WE,,,Tantalus Labs, Wedding Crashers,00695275001113,Indica,3 x 0.5g,22.33%,<1%,,5/5/2022,$9.77,24,$234.48,10,, $-   ,,,,,,,,,,,,
,TOB02057781,,,TobaGrown,Toba Rolls Lemon Creamcake,00842572005584,Sativa,3 x 0.5g,21.87%,<1%,,3/24/2022,$14.07,12,$168.84,47,, $-   ,,,,,,,,,,,,
,VIR020503CA,,,Viridis Cannabis, Cali OG Haze,00671697351579,Hybrid,3 x 0.5g,24.73%,<1%,,,$13.42,12,$161.04,0,, $-   ,,,,,,,,,,,,
,VIR020503CH,,,Viridis Cannabis,Chocolope,00671697171573,Sativa,3 x 0.5g,24.20%,<1%,,,$14.13,12,$169.56,0,, $-   ,,,,,,,,,,,,
,VIR020503GI,,,Viridis Cannabis,Girl Scout Cookies,00671697151575,Hybrid,3 x 0.5g,22.95%,<1%,,4/25/2022,$13.42,12,$161.04,10,, $-   ,,,,,,,,,,,,
,VIR020503VA,,,Viridis Cannabis,Vault,00671697521576,Indica,3 x 0.5g,28.66%,<1%,,,$14.13,12,$169.56,0,, $-   ,,,,,,,,,,,,
,VIR020503VO,,,Viridis Cannabis,Vortex,00671697511577,Sativa,3 x 0.5g,22.96%,<1%,,,$14.13,12,$169.56,0,, $-   ,,,,,,,,,,,,
,WIL020310BL,,,Wildlife,***NEW*** Blackberry Gelato ,00628639001450,Indica,10 x 0.3g,23.13%,<1%,,6/27/2022,$16.40,12,$196.80,41,, $-   ,,,,,,,,,,,,
,XSC020514FL,,,Xscape, Flix N' Chill,00841464002175,Indica,14 x 0.5g,19.51%,<1%,,,$33.84,12,$406.08,0,, $-   ,,,,,,,,,,,,
,Vape Cartridges,,,,,,,,,,,,,,,*,,,,,,,,,,,,,,
,BRA090100GO,,,Bravo 6,Going Dark Vape Cartridge,00628634064900,Indica,1g,87.05%,<1%,,5/12/2022,$25.99,12,$311.88,0,, $-   ,,,,,,,,,,,,
,BRA090117RI,,,Bravo 6,Rising Sun Vape Cartridge,00628634064917,Sativa,1g,85.56%,<1%,,8/24/2022,$25.99,12,$311.88,0,, $-   ,,,,,,,,,,,,
,BOX090174AL,,,BoxHot,Alien OG,00848876000874,Hybrid,1.2g,81.02%,<1%,,7/13/2022,$31.63,12,$379.56,76,, $-   ,,,,,,,,,,,,
,BOX090150CH,,,BoxHot,Cherry Kush,00848876000850,Indica,1.2g,81.80%,<1%,,9/10/2022,$31.63,12,$379.56,75,, $-   ,,,,,,,,,,,,
,BOX090111CO,,,BoxHot,***NEW*** Couch Lock Kush CBN ,00848876001611,Indica,1.2g,54.28%,28.31% CBN,,7/14/2022,$32.36,12,$388.32,26,, $-   ,,,,,,,,,,,,
,BOX090167PE,,,BoxHot,Peach OG,00848876000867,Hybrid,1.2g,81.70%,<1%,,9/6/2022,$31.63,12,$379.56,75,, $-   ,,,,,,,,,,,,
,COM090172HA,,,Common Ground,Full Spectrum Hash Plant,00879282000196,Hybrid,1g,80.00%,<1%,,5/9/2022,$25.99,12,$311.88,1,, $-   ,,,,,,,,,,,,
,COM090196MA,,,Common Ground,Master Kush,00879282000196,Indica,1g,81.76%,<1%,,7/27/2022,$25.99,12,$311.88,5,, $-   ,,,,,,,,,,,,
,COT090148SO,,,Coterie Brands,***NEW*** Sour Tangerine Live Resin,00628634064948,Sativa,1g,86.10%,<1%,4.65%,,$30.96,6,$185.76,0,, $-   ,,,,,,,,,,,,
,DEL07109035,,,Delta 9,***NEW*** Blast,00689285002482,Hybrid,1g,77.41%,<1%,,7/5/2022,$31.64,12,$379.68,5,, $-   ,,,,,,,,,,,,
,DEL07105504,,,Delta 9,***NEW*** Harmony,00689285002499,Hybrid,1g,40.57%,38.8%,,7/4/2022,$31.64,12,$379.68,4,, $-   ,,,,,,,,,,,,
,FEA090111GG,,,Feather,Full Spectrum GGZ,00848876000751,Indica,1g,84.09%,<1%,,1/21/2022,$27.69,12,$332.28,12,, $-   ,,,,,,,,,,,,
,FEA090116GH,,,Feather, Ghost Train Haze,00848876001116,Sativa,1g,84.12%,<1%,,9/6/2022,$27.69,12,$332.28,25,, $-   ,,,,,,,,,,,,
,FEA090182ME,,,Feather,Melon Bubble Haze,00848876000782,Sativa,1g,84.60%,<1%,,8/31/2022,$25.99,12,$311.88,50,, $-   ,,,,,,,,,,,,
,FEA090175TH,,,Feather ,Mint Kush,00848876000775,Indica,1g,84.50%,<1%,,8/18/2022,$25.99,12,$311.88,50,, $-   ,,,,,,,,,,,,
,FEA090199TW,,,Feather,Twisted Tangie,00848876000799,Hybrid,1g,82.27%,<1%,,2/2/2022,$25.99,12,$311.88,54,, $-   ,,,,,,,,,,,,
,FLO090510SL,,,FLO,Slurricane (Strawberry),00628634074404,Indica,0.5g,84.59%,<1%,,8/22/2022,$10.96,12,$131.52,13,, $-   ,,,,,,,,,,,,
F,FLO090510SU,,,FLO,Super Silver Haze,0062863404398,Sativa,0.5g,83.60%,<1%,5.29%,8/22/2022,$10.96,12,$131.52,5,, $-   ,,,,,,,,,,,,
,FLO090510WI,,,FLO,Wifi OG (Mango),0062863407381,Hybrid,0.5g,84.53%,<1%,5.14%,8/22/2022,$10.96,12,$131.52,0,, $-   ,,,,,,,,,,,,
,FUE090174CA,,,Fuego,Cannacino,00628634064474,Hybrid,1g,86.26%,<1%,,,$25.99,12,$311.88,0,, $-   ,,,,,,,,,,,,
,FUE090110CH,,,Fuego,Cherry Blossom OG,00628634064641,Hybrid,1g,85.67%,<1%,,7/5/2022,$25.99,12,$311.88,0,, $-   ,,,,,,,,,,,,
,FUE090110CI,,,Fuego,Citrus Vibe,00628634064399,Hybrid,1g,85.07%,<1%,,4/20/22,$25.99,12,$311.88,9,, $-   ,,,,,,,,,,,,
,FUE090129PI,,,Fuego,Pink Kush,00628634064429,Hybrid,1g,80.88%,<1%,,8/12/2022,$25.99,12,$311.88,7,, $-   ,,,,,,,,,,,,
,FUE090110SI,,,Fuego,Simply Grape,00628634064405,Hybrid,1g,85.37%,<1%,,,$25.99,12,$311.88,0,, $-   ,,,,,,,,,,,,
,FUE090165ST,,,Fuego,Strawberry Cannacolada,00628634064665,Hybrid,1g,86.57%,<1%,,6/10/2022,$25.99,12,$311.88,5,, $-   ,,,,,,,,,,,,
,FUE090112WE,,,Fuego,Wedding Crasher,00628634064412,Hybrid,1g,86.51%,<1%,,5/13/2022,$25.99,12,$311.88,9,, $-   ,,,,,,,,,,,,
,GLA090116AN,,,Glacial Gold,Anytime 1:1 Vape (Berry Lemonade),00628634316016,Hybrid,1g,42.00%,42%,,,$19.96,6,$119.76,0,, $-   ,,,,,,,,,,,,
,GLA090139SE,,,Glacial Gold,Session Vape (Berry Lemonade),00628634316139,Hybrid,1g,82.00%,<1%,,,$23.96,6,$143.76,0,, $-   ,,,,,,,,,,,,
,GLA090109AN,,,Glacial Gold,Anytime 1:1 (Glacial Fresh Mint),00628634316009,Hybrid,1g,42.00%,42%,,6/1/2022,$19.96,6,$119.76,11,, $-   ,,,,,,,,,,,,
,GLA090122SE,,,Glacial Gold,Session (Glacial Fresh Mint),00628634316122,Hybrid,1g,82.00%,<1%,,,$23.96,6,$143.76,1,, $-   ,,,,,,,,,,,,
,GLA090161AN,,,Glacial Gold,Anytime 1:1 (Sparkling Grape),00628634316016,Hybrid,1g,42.00%,42.0%,,,$19.96,6,$119.76,2,, $-   ,,,,,,,,,,,,
,GLA090160SE,,,Glacial Gold,Session Vape (Sunshine Punch),00628634316160,Hybrid,1g,82.00%,<1%,,,$23.96,6,$143.76,0,, $-   ,,,,,,,,,,,,
,GRE090509AF,,,Greybeard, Afghani Drifter,00826494000209,Hybrid,0.5g,78.66%,<1%,9.32%,3/21/2022,$21.92,12,$263.04,29,, $-   ,,,,,,,,,,,,
,GRE090115BA,,,Greybeard,Banana Milkshake OG,00826494000261,Indica,1g,71.67%,<1%,11.45%,9/19/2022,$31.61,12,$379.32,27,, $-   ,,,,,,,,,,,,
,GRE090130CU,,,Greybeard,Cured Resin (Nuken),00826494000230,Indica,1g,80.15%,<1%,3.75%,9/20/2022,$31.61,12,$379.32,16,, $-   ,,,,,,,,,,,,
,GRE090532KI,,,Greybeard,KISH,00826494000032,Indica,0.5g,72.10%,<1%,15.15%,3/22/2022,$21.92,12,$263.04,12,, $-   ,,,,,,,,,,,,
,GRE090108LI,,,Greybeard, Live Resin (Alien Zour Zmoothie),00826494000308,Indica,1g,74.98%,<1%,10.01%,9/26/2022,$31.61,12,$379.32,24,, $-   ,,,,,,,,,,,,
,GRE090549SL,,,Greybeard,SLK ,00826494000049,Sativa,0.5g,76.43%,<1%,10.4%,9/19/2022,$21.92,12,$263.04,18,, $-   ,,,,,,,,,,,,
,HEX010510BU,,,Hexo,Bubba Kush,00697238114335,Indica,.5g,58.17%,19.26,,9/9/2021,$11.97,12,$143.64,12,, $-   ,Save $2.99 per unit,,,,,,,,,,,
,HYC090190AC,,,Hycycle,Ace Passion,00848876000690,Indica,1g,85.75%,<1%,,,$31.36,12,$376.32,0,, $-   ,,,,,,,,,,,,
,HYC090183BA,,,Hycycle,Balanced 1:1 (Orange Cookies),00848876001383,Sativa,1g,40.73%,40.47%,8.6%,5/6/2022,$21.12,12,$253.44,37,, $-   ,,,,,,,,,,,,
,HYC010110IN,,,Hycycle,Indica (Wappa),00848876000249,Indica,1g,81.45%,<1%,5.7%,2/21/2022,$25.99,12,$311.88,58,, $-   ,,,,,,,,,,,,
,HYC090110HY,,,Hycycle,Hybrid (Mac-1),00848876000256,Hybrid,1g,83.72%,<1%,,7/25/2022,$25.99,12,$311.88,56,, $-   ,,,,,,,,,,,,
,HYC090157MO,,,Hycycle, Move 221 CBG (Dancehall x Shiatsu),00848876001857,Sativa,1g,33.29%,32.85% CBD 16.93% CBG,,5/11/2022,$21.88,12,$262.56,51,, $-   ,,,,,,,,,,,,
,HYC090136RA,,,Hycycle,RAW,00848876000836,Hybrid,1g,88.80%,<1%,,4/27/2022,$25.99,12,$311.88,98,, $-   ,,,,,,,,,,,,
,HYC090110SA,,,Hycycle,Sativa (Lemon Riot),00848876000263,Sativa,1g,82.48%,<1%,4.2%,3/29/2022,$25.99,12,$311.88,41,, $-   ,,,,,,,,,,,,
Vape Cartridges,NAT090584AC,,,Natural History,AC/DC Cookies,00628250992984,Hybrid,0.5g,20.70%,<1%,18.9%,,$14.00,12,$168.00,0,, $-   ,,,,,,,,,,,,
Vape Cartridges,NAT090560LA,,,Natural History, LA Kush Cake,00628250992960,Indica,0.5g,59.10%,<1%,10.9%,10/12/2021 11/8/2021,$14.00,12,$168.00,2,, $-   ,Save $5.96/ unit,,,,,,,,,,,
,NOR090110FA,,,***SK LP*** North 40 Cannabis,Farm Gas ,00811615001036,Indica,1g,75.32%,<1%,8.6%,3/29/2022,$34.96,6,$209.76,11,, $-   ,,,,,,,,,,,,
,NOR090111PL,,,***SK LP*** North 40 Cannabis,Platinum OG,00811615000961,Hybrid,1g,71.40%,<1%,11.6%,3/29/2022,$34.96,6,$209.76,6,, $-   ,,,,,,,,,,,,
,NOR090152CB,,,Northbound,CBD,00628639000552,Hybrid,1g,<1%,59.7%,,,$30.79,12,$369.48,0,, $-   ,,,,,,,,,,,,
,NOR090189CB,,,Northbound,CBN:CBD ,006286639000989,Indica,1g,22.1 CBN,47.1%,,11/30/2021,$30.79,12,$369.48,33,, $-   ,,,,,,,,,,,,
,NOR090128CB,,,Northbound,CBN,00628639000828,Indica,1g,49.60%,24.8 CBN,,2/15/2022,$30.79,12,$369.48,33,, $-   ,,,,,,,,,,,,
,NOR090115CB,,,Northbound,CBG:CBD,00628639001115,Hybrid,1g,19.5 CBG,40.2%,,4/25/2022,$30.79,12,$369.48,18,, $-   ,,,,,,,,,,,,
,NOR090110CO,,,Northbound,Connect,00628639000576,Hybrid,1g,81.10%,<1%,,1/19/2022,$30.79,12,$369.48,4,, $-   ,,,,,,,,,,,,
,NOR090110FO,,,Northbound,Focus ,00628639000705,Hybrid,1g,58.4-58.8%,18.5-20.1%,,3/16/2021 10/27/2021,$30.79,12,$369.48,5,, $-   ,,,,,,,,,,,,
,OAK090524DI,,,Oakum,Discover GCG,00628678177024,Indica,0.5G,71.80%,<1%,,,$11.98,12,$143.76,0,, $-   ,,,,,,,,,,,,
,PHY090510BL,,,Phyto,BlueBerry,00842572003955,Indica,0.5g,85.40%,<1%,,,$15.26,12,$183.12,0,, $-   ,,,,,,,,,,,,
,PHY090110BL,,,Phyto,BlueBerry,00842572000008,Indica,1g,86.36%,<1%,,,$29.96,12,$359.52,0,, $-   ,,,,,,,,,,,,
,PHY090156BL,,,Phyto,Blue Raspberry 1:1,00842572003115,Hybrid,1g,43.88%,44.27%,,04/19/2022,$29.96,12,$359.52,11,, $-   ,,,,,,,,,,,,
PHY090178BL,PHY090178BL,,,Phyto,Black Cherry Punch,00842572003078,Hybrid,1g,87.09%,<1%,,,$29.96,12,$359.52,0,, $-   ,,,,,,,,,,,,
,PHY090110GR,,,Phyto,Green Apple,00842572004174,Hybrid,1g,82.63%,<1%,,,$29.96,12,$359.52,0,, $-   ,,,,,,,,,,,,
PHY090510PI,PHY090510PI,,,Phyto,Pineapple Express ,00842572003931,Hybrid,0.5g,85.67%,<1%,,06/29/2022,$15.26,12,$183.12,1,, $-   ,,,,,,,,,,,,
,PHY090132WA,,,Phyto,Watermelon,00842572003832,Indica,1g,84.11%,<1%,,05/28/2022,$29.96,12,$359.52,3,, $-   ,,,,,,,,,,,,
,PUR090137HI,,,Pure Extracts,***NEW*** High THC 9 Pound Hammer,00628634074237,Indica,1g,87.80%,<1%,,08/05/2022,$25.99,12,$311.88,17,, $-   ,,,,,,,,,,,,
,PUR090176PU,,,Pure Extracts,Full Spectrum Grand Daddy Purple Vape Cart,00628634074176,Indica,1g,68.30%,<1%,,08/05/2022,$23.96,12,$287.52,6,, $-   ,,,,,,,,,,,,
,PUR090152PU,,,Pure Extracts,Full Spectrum CBD Blend,00628634074152,Hybrid,1g,19.70%,65.7%,,03/25/2022,$23.96,12,$287.52,19,, $-   ,,,,,,,,,,,,
,PUR090190PU,,,Pure Extracts,Full Spectrum Super Lemon Haze,00628634074190,Sativa,1g,68.32%,<1%,,08/10/2022,$23.96,12,$287.52,7,, $-   ,,,,,,,,,,,,
,ROI090100HE,,,Roilty,Henry The Grape,00842572003900,Indica,1g,84.82%,<1%,,9/7/2022,$24.56,12,$294.72,8,, $-   ,,,,,,,,,,,,
,ROI090117HA,,,Roilty,Hawaiian Thunder Queen,00842572003917,Sativa,1g,85.82%,<1%,,9/6/2022,$24.56,12,$294.72,8,, $-   ,,,,,,,,,,,,
MIL090370BL,MIL090370BL,,,Synth,Blueberry All-In-One Vape Pen,00628110800770,Hybrid,.3g,70.30%,<1%,,8/10/2022,$18.15,12,$217.80,11,, $-   ,,,,,,,,,,,,
,MIL090387LI,,,Synth,Lime All-In-One Vape Pen,00628110800787,Hybrid,.3g,70.80%,<1%,,8/4/2022,$18.15,12,$217.80,20,, $-   ,,,,,,,,,,,,
,MIL090394PI,,,Synth, Pineapple All-In-One Vape Pen,00628110800794,Hybrid,.3g,71.10%,<1%,,8/10/2022,$18.15,12,$217.80,17,, $-   ,,,,,,,,,,,,
,TAN090510SK,,,Tantalus Labs,Sky Pilot,00695275000987,Hybrid,0.5g,89.40%,<1%,,1/27/2022,$16.49,12,$197.88,4,, $-   ,,,,,,,,,,,,
Vape Cartridges,WHI090110BL,,,White NGL, Blueberry Mountain Rush ,00843686036273,Indica,0.5g,78.20%,<1%,,12/1/2021,$25.38,12,$304.56,5,, $-   ,,,,,,,,,,,,
,WHI090110OR,,,White NGL,Orange Icicle,00843686037270,Indica,0.5g,84.52%,<1%,,9/24/2021,$25.38,12,$304.56,5,, $-   ,,,,,,,,,,,,
,XPL090166HA,,,XPLOR,***NEW*** Harmony 1:1,00628634064566,Hybrid,1g,40.94%,41.6%,,5/11/2022,$20.81,6,$124.86,23,, $-   ,BOGO,,,,,,,,,,,
,XPL090142PU,,,XPLOR,***NEW*** Purple Punch CBD,00628634064542,Hybrid,1g,<1%,77.02%,,5/11/2022,$20.00,6,$120.00,2,, $-   ,,,,,,,,,,,,
Vape Cartridges,Tinctures,,,,,,,,,,,,,,,*,,,,,,,,,,,,,,
,APO040130MA,,,Apothecary Labs,Mango Flavour - 10mg CBD Tincture,00877579000003,CBD,30ml,0.5mg/ml,10.58mg/ml,,3/10/2021,$5.00,6,$30.00,0,, $-   ,Save an additional $3.00 per unit,,,,,,,,,,,
,ATL040130TC,,,Atlas Thrive,Balanced 1:1 (Water Soluble),00872789000447,THC/CBD,30ml,10.90%,10.5%,,2/18/2022,$10.15,12,$121.80,3,, $-   ,,,,,,,,,,,,
,ATL040230CB,,,Atlas Thrive, CBD (Water Soluble),00872789000430,CBD,30ml,0%,17.1%,,1/12/2022 4/18/2022,$10.15,12,$121.80,5,, $-   ,,,,,,,,,,,,
,ATL040130TH,,,Atlas Thrive,THC (Water Soluble),00872789000423,THC,30ml,17.10%,0%,,1/14/2022,$10.15,12,$121.80,5,, $-   ,,,,,,,,,,,,
,GLA093003DI,,,Glacial Gold,Distilled CBD 50,006286334316603,CBD,30ml,0mg,50mg,,,$20.46,6,$122.76,0,, $-   ,,,,,,,,,,,,
,GLA093010DI,,,Glacial Gold,Distilled CBD 100,00628634316610,CBD,30ml,0mg,100mg,,,$33.96,6,$203.76,0,, $-   ,,,,,,,,,,,,
,GLA093027DI,,,Glacial Gold,Distilled CBD 200,00628634316627,CBD,30ml,0mg,200mg,,,$61.96,6,$371.76,0,, $-   ,,,,,,,,,,,,
,HEX091549CB,,,Hexo,CBD 200 ,00697238116049,CBD,15ml,0mg/ml,210mg/ml,,1/24/2022,$49.97,12,$599.64,4,, $-   ,Save $12.06 per unit,,,,,,,,,,,
,MAN093044DA,,,Mantra Cannabis,***NEW*** Dawn CBD 50 with SBT,00835861000247,CBD,30ml,0mg,51mg,,2/8/2022,$33.89,12,$406.68,18,, $-   ,,,,,,,,,,,,
,MAN093051DU,,,Mantra Cannabis,***NEW*** Dusk THC 30,00835861000254,THC,30ml,29mg,0mg,,2/4/2022,$28.24,12,$338.88,16,, $-   ,,,,,,,,,,,,
,MED040230CB,,,Medipharm Labs,CBD 25,00628639000859,CBD,30ml,0mg,25mg,,1/31/2022,$20.99,12,$251.88,14,, $-   ,,,,,,,,,,,,
,MED040230CD,,,Medipharm Labs,CBD 50,00628639000866,CBD,30ml,0mg,50mg,,2/5/2022,$38.49,12,$461.88,11,, $-   ,,,,,,,,,,,,
,MED040230BC,,,Medipharm Labs,CBD 100,00628639000699,CBD,30ml,0mg,100mg,,2/12/2022,$52.49,12,$629.88,19,, $-   ,,,,,,,,,,,,
,MED040130TH,,,Medipharm Labs,THC30,00628639000682,THC,30ml,30ml,0ml,,6/30/2022,$25.14,12,$301.68,21,, $-   ,,,,,,,,,,,,
,MED040230CG,,,Medipharm Labs,CBG:CBD 1:2 Advanced Formula,00628639001085,CBG/CBD,30ml,10mg CBG,20mg,,5/5/2022,$38.49,12,$461.88,17,, $-   ,,,,,,,,,,,,
,MED040230CN,,,Medipharm Labs,CBN 1:2 Nighttime Formula,00628639000811,THC/CBN,30ml,20mg,10mg CBN,,6/8/2022,$25.14,12,$301.68,34,, $-   ,,,,,,,,,,,,
,MED093072CB,,,Medipharm Labs,CBN:CBD 1:2 Relax Formula,00628639000972,CBN/CBD,30ml,10mg CBN,20mg,,1/23/2022,$25.14,12,$301.68,25,, $-   ,,,,,,,,,,,,
,NAN040115DO,,,Nano Cannabis,The DOZE Original,00599590000150,THC,15ml,10mg,0mg,,3/22/2022,$12.97,6,$77.82,21,, $-   , Save $1.50/unit,,,,,,,,,,,
,PHA040230CB,,,Pharm,CBD/Sea Buckthorn Softgels,00853861000223,CBD,30 Pkg,0mg,9.5mg,,12/8/2021,$13.56,12,$162.72,10,, $-   ,HUGE Deal !!!,,,,,,,,,,,
,RIL04009490,,,Rilaxe,***NEW***.  Aionia CBD 33,8.42572E+11,CBD,30ml,,36.7mg,,7/23/2022,$19.11,12,$229.32,15,, $-   ,,,,,,,,,,,,
,TRU040250NE,,,True North Cannabis,Nectar N-500,00627843762621,CBD,30ml,0mg/g,17.2mg/g,,,$9.96,12,$119.52,0,, $-   ,,,,,,,,,,,,
,VER062701YA,,,Veryvell,Yawn Drops (Water Soluable),00697238200274,THC,27ml,13.05mg/ml,0mg/ml,,6/9/2021,$20.50,12,$246.00,14,, $-   ,,,,,,,,,,,,
,VID040430BA,,,Vida,Balanced Oil,00628634064443,CBD/THC,30ml,15mg,15mg,,,$20.34,6,$122.04,0,, $-   ,,,,,,,,,,,,
Tinctures,VID040230CB,,,Vida,CBD Oil 50,00628634064436,CBD,30ml,0mg/ml,50mg/ml,,8/12/2022,$20.34,6,$122.04,8,, $-   ,,,,,,,,,,,,
Tinctures,Concentrates,,,,,,,,,,,,,,,*,,,,,,,,,,,,,,
,HEX091596TW,,,Bake Sale,Twist N' Drop Distillate Dispenser,00697238119996,Hybrid,1.5g,19.78-21.45%,49.56-50.2%,,10/20/2021 1/4/2022,$17.97,12,$215.64,6,, $-   ,Save $8.00/unit,,,,,,,,,,,
,BOX090115AL,,,BoxHot,Alien OG Distillate Dabber,00848876001215,Hybrid,1.2g,82.23-83.11%,<1%,,4/21/2022,$31.63,6,$189.78,19,, $-   ,,,,,,,,,,,,
,BOX090162CH,,,BoxHot,Cherry Kush Distillate Dabber,00848876001062,Indica,1.2g,82.88-83.2%,<1%,,4/20/2022,$31.63,6,$189.78,12,, $-   ,,,,,,,,,,,,
,BOX090179PE,,,BoxHot,Peach OG Distillate Dabber,00848876001079,Hybrid,1.2g,83.00%,<1%,,3/27/2022,$31.63,6,$189.78,23,, $-   ,,,,,,,,,,,,
,BOX090127HA,,,BoxHot,***NEW*** ICE Hawaiian THCa Diamonds,00848876002427,Sativa,1g,80.84%,<1%,,8/24/2022,$31.12,6,$186.72,100,, $-   ,,,,,,,,,,,,
,EMB05103134,,,Embark Bubbleman,Bubble Hash,00822558000369,Indica,1g,63.70%,<1%,,3/2/2022,$25.14,12,$301.68,5,, $-   ,,,,,,,,,,,,
,EMB090145HA,,,Embark Bubbleman, Live Hash Rosin,00822558000345,Hybrid,1g,60.91%,<1%,5.96%,6/15/2022,$32.69,12,$392.28,9,, $-   ,,,,,,,,,,,,
,GRE090186AF,,,Greybeard, Afghani Drifter Live Resin,00826494000186,Hybrid,0.5g,72.83%,<1%,11.04%,,$20.22,12,$242.64,0,, $-   ,,,,,,,,,,,,
,GRE090187KI,,,Greybeard,KISH Live Resin Sauce,00826494000087,Indica,0.5g,41.29%,<1%,26.57%,7/26/2022,$15.79,12,$189.48,21,, $-   ,,,,,,,,,,,,
,GRE090794DI,,,Greybeard,Diamonds,00826494000094,Hybrid,.75g,85.40%,<1%,,9/26/2022,$33.51,12,$402.12,17,, $-   ,,,,,,,,,,,,
,GRE090123NU,,,Greybeard,Nuken Badder ,00826494000223,Hybrid,1g,76.84%,<1%,3.46%,9/20/2022,$28.45,12,$341.40,14,, $-   ,,,,,,,,,,,,
,GRE090163SL,,,Greybeard,SLK Live Resin,00826494000063,Sativa,1g,72.81%,<1%,10.04%,,$37.94,12,$455.28,1,, $-   ,,,,,,,,,,,,
,HAS090194CO,,,HashCo,Cold Tumbled Resin,00835861000094,Indica,1g,31.50%,<1%,18.1%,4/28/2022,$10.17,12,$122.04,4,, $-   ,,,,,,,,,,,,
,HAS090100GO,,,HashCo,Gold Seal Hash,0083586100100,Hybrid,1g,32.00%,<1%,17.3%,5/30/2022,$14.13,12,$169.56,7,, $-   ,,,,,,,,,,,,
HAS05205951,HAS05205951,,,HashCo,***NEW*** Blonde Hash,00835861000186,Hybrid,2g,30.00%,<1%,18.6%,6/10/2022,$22.60,12,$271.20,16,, $-   ,,,,,,,,,,,,
,JAN090102BL,,,Jane and Juice, MTL Blond Hash,00055661100002,Indica,1g,61.66%,<1%,,12/2/2021,$26.16,12,$313.92,6,, $-   ,,,,,,,,,,,,
,JAN090102SU,,,Jane and Juice,MTL Sugar Hash,00055661100019,Indica,1g,71.15%,<1%,,12/13/2021,$25.56,12,$306.72,8,, $-   ,,,,,,,,,,,,
,NOR05204340,,,***SK LP*** North 40 Cannabis,***NEW*** El Gordo,00811615002101,Sativa,2g,53.50%,<1%,4.1%,10/3/2022,$27.96,12,$335.52,8,, $-   ,,,,,,,,,,,,
,NOR05201492,,,***SK LP*** North 40 Cannabis,Farm Gas Traditional Hash,00811615000992,Indica,2g,45.68%,<1%,,,$27.96,6,$167.76,14,, $-   ,,,,,,,,,,,,
,NOR090110PL,,,***SK LP*** North 40 Cannabis,Platinum OG Hash Rosin,00811615000152,Indica,0.5g,68.22%,<1%,11.4%,5/14/2021,$16.10,12,$193.20,11,, $-   ,,,,,,,,,,,,
,NOR090210SO,,,***SK LP*** North 40 Cannabis,Sourdough Traditional Hash,00811615001241,Indica,2g,49.20%,<1%,3.8%,3/4/2022,$29.96,12,$359.52,6,, $-   ,,,,,,,,,,,,
,HEX090110DU,,,Original Stash,Klik (Durban),00697238112300,Hybrid,1g,74.6-76.2%,<1%,,2/2/2022 3/9/2022,$23.97,12,$287.64,1,, $-   ,Save $2.13 per unit,,,,,,,,,,,
,PHY090195BL,,,Phyto,Blue Gorilla OG Shatter,00842572003795,Hybrid,1g,78.31%,<1%,2.52%,,$30.51,12,$366.12,0,, $-   ,,,,,,,,,,,,
,PHY090188DB,,,Phyto,D Bubba Shatter,00842572003788,Indica,1g,72.47%,<1%,5.12%,,$30.51,12,$366.12,0,, $-   ,,,,,,,,,,,,
,PHY090171PI,,,Phyto,Pink Kush Shatter,00842572003771,Indica,1g,72.06%,<1%,4.25%,,$30.51,12,$366.12,0,, $-   ,,,,,,,,,,,,
,POO090118DI,,,Poolboy,Diamonds,00853589000318,Hybrid,1g,87.26%,<1%,,9/16/2022,$32.63,6,$195.78,30,, $-   ,,,,,,,,,,,,
,ROI090179CA,,,Roilty,Catacomb Kush Shatter,00842572003979,Indica,1g,76.54%,<1%,4.57%,,$22.59,12,$271.08,10,, $-   ,,,,,,,,,,,,
,ROI05108016,,,Roilty,***NEW***Her Magesty's Melons Live Resin,00842572005492,Hybrid,1g,68.54,<1%,7.83%,5/28/2022,$29.96,12,$359.52,11,, $-   ,,,,,,,,,,,,
,ROI05103077,,,Roilty,***NEW***King's Kush Live Resin,00842572005485,Indica,1g,67.85,<1%,5.74%,5/30/2022,$29.96,12,$359.52,14,, $-   ,,,,,,,,,,,,
,ROI090186MO,,,Roilty,Mountain Kush Shatter,00842572003986,Indica,1g,79.94,<1%,3.20%,8/12/2022,$22.59,12,$271.08,20,, $-   ,,,,,,,,,,,,
,ROI090166PR,,,Roilty, Priest's Punch Live Resin,00842572002866,Indica,1g,68.53%,<1%,5.75%,4/15/2022,$29.42,12,$353.04,0,, $-   ,,,,,,,,,,,,
,ROI090103PU,,,Roilty,Sugar Wax (Purple Dream),00842572002903,Indica,1g,82.71%,<1%,3.0%,8/22/2022,$22.59,12,$271.08,22,, $-   ,,,,,,,,,,,,
,ROI090142WH,,,Roilty,Sugar Wax (White Knight),00842572002842,Indica,1g,82.91%,<1%,0.82%,6/3/2022,$22.59,12,$271.08,12,, $-   ,,,,,,,,,,,,
,SIM05207246,,,Simply Bare,***NEW***.  Island Pink Hash (Selects),00688318002215,Hybrid,2g,36.22%,<1%,3.19%,9/14/2022,$27.43,6,$164.58,14,, $-   ,,,,,,,,,,,,
,RUB09027150,,,Simply Bare, BC Organic Sour Cookies Hash,00688318001171,Sativa,2g,23.98%,<1%,1.89%,12/15/2021,$24.97,6,$149.82,8,, $-   ,Save $2.46 per unit,,,,,,,,,,,
,TAN090110OR,,,Tantalus Labs,Dry Sift Hash (Blood Orange),00695275000642,Indica,1g,32.59%,<1%,,1/4/2022,$18.08,6,$108.48,6,, $-   ,,,,,,,,,,,,
Concentrates,TRU090145CB,,,True North Cannabis, CBD Isolate,00627843762645,Hybrid,1g,0mg,996mg,,8/14/2021,$14.97,12,$179.64,5,, $-   , Save $15.70/unit,,,,,,,,,,,
Concentrates,Beverages,,,,,,,,,,,,,,,*,,,,,,,,,,,,,,
,HYT063501LE,,,HYTN,Lemongrass Ginger (plus Non Refundable Enviro Charge & Container Fee),00876560000039,THC,355ml,10mg,<1%,,11/22/2021,$3.65,12,$43.80,23,, $-   , Save $0.50/unit,,,,,,,,,,,
,HYT063501RO,,,HYTN,Rosewater Lemonade (plus Non Refundable Enviro Charge & Container Fee),00876560000015,THC,355ml,10mg,<1%,,3/30/2022,$3.65,12,$43.80,11,, $-   , Save $0.50/unit,,,,,,,,,,,
,HYT063501WA,,,HYTN,Watermelon Mint (plus Non Refundable Enviro Charge & Container Fee),00876560000022,THC,355ml,10mg,<1%,,,$3.65,12,$43.80,0,, $-   , Save $0.50/unit,,,,,,,,,,,
,LIT063501LI,,,Little Victory,Lime Celtzer (plus Non Refundable Enviro Charge & Container Fee),00697238205088,THC/CBD,355ml,2.5mg,2.5mg,,3/1/2022,$3.67,12,$44.04,11,, $-   ,,,,,,,,,,,,
,LIT063501RA,,,Little Victory,Raspberry Celtzer (plus Non Refundable Enviro Charge & Container Fee),00697238205095,THC/CBD,355ml,2.5mg,2.5mg,,3/14/2022,$3.67,12,$44.04,0,, $-   ,,,,,,,,,,,,
,LIT06506878,,,Little Victory,Sparkling Peach (plus Non Refundable Enviro Charge & Container Fee),00697238205125,THC/CBD,355ml,2.5mg,2.5mg,,6/9/2022,$3.67,12,$44.04,8,, $-   ,,,,,,,,,,,,
XMG061010BL,XMG061010BL,,,XMG,Black Cherry (plus Non Refundable Enviro Charge & Container Fee),00697238203114,THC,236ml,10mg,0mg,,,$5.25,12,$63.00,0,, $-   ,,,,,,,,,,,,
,XMG061010BR,,,XMG,Blue Raspberry (plus Non Refundable Enviro Charge & Container Fee),00697238203091,THC,236ml,10mg,0mg,,,$5.25,12,$63.00,0,, $-   ,,,,,,,,,,,,
,XMG061010CI,,,XMG,Citrus (plus Non Refundable Enviro Charge & Container Fee),00697238203053,THC,236ml,10mg,0mg,,,$5.25,12,$63.00,0,, $-   ,,,,,,,,,,,,
,XMG063501CR,,,XMG,Cream Soda (plus Non Refundable Enviro Charge & Container Fee),00697238203176,THC,355ml,10mg,0mg,,,$5.25,12,$63.00,0,, $-   ,,,,,,,,,,,,
,XMG061010LE,,,XMG,Lemon Iced Tea (plus Non Refundable Enviro Charge & Container Fee),00697238203129,THC,236ml,10mg,0mg,,3/15/2022,$5.25,12,$63.00,4,, $-   ,,,,,,,,,,,,
,XMG061010MA,,,XMG,Mango Pineapple (plus Non Refundable Enviro Charge & Container Fee),00697238203015,THC,236ml,10mg,0mg,,3/24/2022,$5.25,12,$63.00,7,, $-   ,,,,,,,,,,,,
,XMG063501OR,,,XMG, Orange Soda (plus Non Refundable Enviro Charge & Container Fee),00697238203169,THC,355ml,10mg,0mg,,,$5.25,12,$63.00,0,, $-   ,,,,,,,,,,,,
,XMG063501RO,,,XMG,Root Beer (plus Non Refundable Enviro Charge & Container Fee),00697238203152,THC,355ml,10mg,0mg,,,$5.25,12,$63.00,0,, $-   ,,,,,,,,,,,,
,XMG061010TR,,,XMG,Tropical Fruit (plus Non Refundable Enviro Charge & Container Fee),00697238203008,THC,236ml,10mg,0mg,,,$5.25,12,$63.00,0,, $-   ,,,,,,,,,,,,
,XMG061010WA,,,XMG,Watermelon (plus Non Refundable Enviro Charge & Container Fee),00697238203060,THC,236ml,10mg,0mg,,2/16/22,$5.25,12,$63.00,4,, $-   ,,,,,,,,,,,,
Beverages,Edibles,,,,,,,,,,,,,,,*,,,,,,,,,,,,,,
,ATL06107460,,,Atlas,***NEW*** Vanilla 20:1 CBD:THC Gum,00872789001406,CBD/THC,10mg,10mg,200mg,,2/11/2022,$8.44,12,$101.28,14,, $-   ,,,,,,,,,,,,
,BEI040210CB,,,Being,CBD Oral Strips,00826494000025,CBD,10 x 10mg,0mg,10mg,,3/22/2022,$20.25,12,$243.00,28,, $-   ,,,,,,,,,,,,
,BEI040110TH,,,Being,THC Oral Strips,0082649400018,THC,10 x 10mg,10mg,0mg,,9/19/2022,$20.25,12,$243.00,14,, $-   ,,,,,,,,,,,,
,DYN06003412,,,DynaDream,***NEW*** CBG Asain Pear 1:1,00664983010106,CBG/CBD,30 x 10mg,300mg CBG,300mg,,9/3/2022,$20.33,12,$243.96,18,, $-   ,,,,,,,,,,,,
,DYN061007LE,,,DynaDream,Lemon Ginger CBN Soft Chews 10:1,00664983030005,CBN/CBD,7 x 20mg,14mg CBN,140mg,,3/14/2022,$10.16,12,$121.92,1,, $-   ,,,,,,,,,,,,
,DYN06005525,,,DynaDream,***NEW*** Lemon Ginger CBN Soft Chews 2:1,00664983010090,CBN/CBD,30 x 10mg,150mg CBN,300mg,,9/9/2022,$20.33,6,$121.98,20,, $-   ,,,,,,,,,,,,
,DYN061030AP,,,DynaDream, Apple Cider Vinegar,00664983010007,CBD,30 x 10mg,0mg,300mg,,8/17/2022,$15.58,6,$93.48,5,, $-   ,,,,,,,,,,,,
,DYN062530BL,,,DynaDream,Blueberry Acai,00664983010083,CBD,30 x 25mg,0mg,750mg,,8/24/2022,$20.33,6,$121.98,28,, $-   ,,,,,,,,,,,,
,DYN061030PO,,,DynaDream,Pomegranate,00664983010046,CBD,30 x 10mg,0mg,300mg,,8/21/2022,$15.58,6,$93.48,0,, $-   ,,,,,,,,,,,,
,DYN061060PO,,,DynaDream,Pomegranate,00664983010076,CBD,60 x 10mg,0mg,600mg,,8/3/2022,$20.33,6,$121.98,31,, $-   ,,,,,,,,,,,,
,EME091084SY,,,Emerald Health ,Sync Tabs (Cherry),00847023001184,THC,10 x 1mg,10mg,0mg,,6/24/2021,$9.00,24,$216.00,1,, $-   , Save $8.40/unit,,,,,,,,,,,
Edibles,EME091091SY,,,Emerald Health ,Sync Tabs (Mint),00847023001191,THC,10 x 1mg,10mg,0mg,,7/23/2021,$9.00,24,$216.00,2,, $-   , Save $8.40/unit,,,,,,,,,,,
,FEA060808OR,,,Feather,Orange Citrus THC Rapid Spray,00848876001451,THC,8.23ml,26.70%,<1%,,8/10/2022,$18.65,12,$223.80,14,, $-   ,,,,,,,,,,,,
,FLY061010GR,,,Fly North,Grape Canyon,00627987805659,THC,1 x 10mg,10mg,0mg,,4/28/2022,$2.57,24,$61.68,1,, $-   ,,,,,,,,,,,,
,FLY061010KE,,,Fly North,Key Lime Pie,00627987805635,THC,1 x 10mg,10mg,0mg,,9/20/2022,$2.57,24,$61.68,25,, $-   ,,,,,,,,,,,,
,FLY06002585,,,Fly North,***NEW*** SOUR Passion Fruit,0062798780561,THC,1 x 10mg,10mg,0mg,,9/20/2022,$2.57,24,$61.68,25,, $-   ,,,,,,,,,,,,
,FLY06004442,,,Fly North,***NEW*** SOUR Thimbleberry,00627987805628,THC,1 x 10mg,10mg,0mg,,9/20/2022,$2.57,24,$61.68,25,, $-   ,,,,,,,,,,,,
,FLY061010WA,,,Fly North, Watermelon Splash,00627987805642,THC,1 x 10mg,10mg,0mg,,,$2.57,24,$61.68,0,, $-   ,,,,,,,,,,,,
,NOR061010HA,,,***SK LP*** North 40 Cannabis,Almond Brittle (Hash Rosin Infused),00811615000954,THC,1 x 10mg,10mg,0mg,,3/10/2022,$6.76,12,$81.12,6,, $-   ,,,,,,,,,,,,
,POC060205BL,,,Pocket Fives,Blue Raspberry,00664983020006,THC,2 x 5mg,10mg,0mg,,,$3.10,12,$37.20,0,, $-   ,,,,,,,,,,,,
,POC060502CO,,,Pocket Fives,Cola 1:1,00664983020037,THC/CBD,2 x 5mg:5mg,5mg,5mg,,,$3.10,12,$37.20,0,, $-   ,,,,,,,,,,,,
,POC060502OR,,,Pocket Fives, Orange Vanilla 1:1,00664983020044,THC/CBD,2 x 5mg:5mg,10mg,10mg,,5/25/2022,$3.10,12,$37.20,8,, $-   ,,,,,,,,,,,,
,PUR063005BL,,,Pure Chews,CBD 50 (Blue Raspberry),00628634074534,CBD,5 x 3g,0mg,11.2mg,,10/27/2021,$6.28,12,$75.36,16,, $-   ,,,,,,,,,,,,
,PUR063005BR,,,Pure Chews,CBD 100 (Blue Raspberry),00628634074558,CBD,5 x 36g,0mg,18.8mg,,,$9.43,12,$113.16,0,, $-   ,,,,,,,,,,,,
Edibles,PUR063005FI,,,Pure Chews,Fire Burst ,00628634074503,THC,5 x 3g,10mg,0mg,,7/13/2021 7/28/2021,$1.50,24,$36.00,8,, $-   ,Sell at 2 for $5 and still make 40% GM,,,,,,,,,,,
,SUN060205BL,,,Sunshower,Blood Orange,00664983000046,THC/CBD,10 x 5mg,10mg,50mg,,4/19/2022,$3.94,12,$47.28,27,, $-   ,,,,,,,,,,,,
,SUN060210BL,,,Sunshower,CBN Blueberry Moon 2:1,00664983000060,THC/CBD,10 x 2mg,10mg,CBN 20mg,,6/25/2022,$6.09,12,$73.08,43,, $-   ,,,,,,,,,,,,
,SUN06004466,,,Sunshower,***NEW*** Delta 8 Solar Punch,00664983000091,THC/Delta8,10 x 10mg,10mg ,100mg Delta 8,,9/5/2022,$10.16,12,$121.92,128,, $-   ,,,,,,,,,,,,
,SUN061020FR,,,Sunshower,Fruit Stand Variety (CBD) ,00664983000077,CBD,10 x 10mg,0mg,100mg,,4/18/2022,$10.16,12,$121.92,13,, $-   ,,,,,,,,,,,,
,SUN060205MA,,,Sunshower,Mango Tangerine,00664983000022,THC,5 x 2mg,10mg,0mg,,2/9/2022,$3.94,12,$47.28,20,, $-   ,,,,,,,,,,,,
,SUN060205SO,,,Sunshower,Sour Cherry,00664983000039,THC,10 x 1mg,10mg,0mg,,6/16/2022,$3.94,12,$47.28,29,, $-   ,,,,,,,,,,,,
,SUN060205WA,,,Sunshower,Watermelon Lemonade,00664983000008,THC,5 x 2mg,10mg,0mg,,5/9/2022,$3.94,12,$47.28,8,, $-   ,,,,,,,,,,,,
,SUN060205WI,,,Sunshower,Wild Strawberry,00664983000015,THC,5 x 2mg,10mg,0mg,,5/11/2022,$3.94,12,$47.28,25,, $-   ,,,,,,,,,,,,
,WAB060205DO,,,Wabi Sabi,Double Dark Chocolate,00843686053973,THC,2 x 5mg,10mg,0mg,,12/29/2021,$6.75,12,$81.00,51,, $-   ,,,,,,,,,,,,
,WAB060205DA,,,Wabi Sabi,Dark Chocolate Heart,00843686053188,THC,2 x 5mg,10mg,0mg,,1/26/2022,$5.25,12,$63.00,2,, $-   ,,,,,,,,,,,,
,WAB061001DA,,,Wabi Sabi,"Dark Chocolate ""420""",00843686053225,THC,1 x 10mg,10mg,0mg,,3/9/2022,$3.47,12,$41.64,14,, $-   ,Save $3.28 per unit,,,,,,,,,,,
,WAB061001MI,,,Wabi Sabi,"Milk Chocolate ""420""",00843686053218,THC,1 x 10mg,10mg,0mg,,2/23/2022,$3.47,12,$41.64,4,, $-   ,Save $3.28 per unit,,,,,,,,,,,
,WHI060404BL,,,White Rabbit ,Craft Blackberry Lemonade,00628011376022,THC/CBD,10mg Pkg,10mg,20mg,,9/13/2022,$4.85,12,$58.20,20,, $-   ,,,,,,,,,,,,
,WHI060204BL,,,White Rabbit ,Craft Blueberry,00628011376015,THC,10mg Pkg,10mg,0mg,,9/2/2022,$4.85,12,$58.20,31,, $-   ,,,,,,,,,,,,
,WHI060404RA,,,White Rabbit,Raspberry White Chocolate 1:1,00628011376060,THC/CBD,4 Pkg,10mg,10mg,,9/2/2022,$4.85,12,$58.20,23,, $-   ,,,,,,,,,,,,
,WHI060204SO,,,White Rabbit,Craft Sour Peach,00628011376039,THC,10mg Pkg,10mg,0mg,,9/2/2022,$4.85,12,$58.20,32,, $-   ,,,,,,,,,,,,
Edibles,WHI060404ST,,,White Rabbit,Craft Strawberry Fig Balsamic,00628011376107,CBD,4 Pkg,0mg,40mg,,9/21/2021,$2.00,12,$24.00,41,, $-   ,Save $2.56 per unit,,,,,,,,,,,
Edibles,WHI060410ST,,,White Rabbit,Craft Strawberry Fig Balsamic,00628011376091,CBD,10 Pkg,0mg,100mg,,9/22/2021,$4.00,12,$48.00,8,, $-   ,Save $5.99 per unit,,,,,,,,,,,
Edibles,Topicals,,,,,,,,,,,,,,,*,,,,,,,,,,,,,,
Edibles,APO088080AP,,,Apothecary Botanticals,3:1 Roll-On ,00628341031349,THC/CBD,88ml,0.6mg/ml,0.26mg/ml,,,$12.50,12,$150.00,0,, $-   ,,,,,,,,,,,,
,ATL090586TH,,,Atlas Thrive,Balanced CBD:THC Transdermal Patch,00872789000386,THC/CBD,0.5g,10.3mg,10mg,,,$7.80,12,$93.60,0,, $-   ,,,,,,,,,,,,
,ATL080505CB,,,Atlas Thrive,CBD Transdermal Patch,00872789000379,CBD,0.5g,0mg,20mg,,,$7.80,12,$93.60,0,, $-   ,,,,,,,,,,,,
,TRA086006HI,,,Transit,High Potency Alleviating Oil,00848876001178,THC/CBD,60g,300mg,400mg,,,$23.87,12,$286.44,0,, $-   ,,,,,,,,,,,,
,EVE081414BO,,,Eve & Co.,The Boss Bath Bomb,00685960002372,THC/CBD,150g,100mg,100mg,,7/20/2022,$11.25,12,$135.00,7,, $-   ,,,,,,,,,,,,
,EVE081414DR,,,Eve & Co.,The Dreamer Bath Bomb,00685960002396,THC/CBD,140g,100mg,100mg,,,$11.25,12,$135.00,0,, $-   ,,,,,,,,,,,,
,EVE081414OP,,,Eve & Co.,The Optimist Bath Bomb,00685960002389,CBD,150g,0mg,200mg,,6/22/2022,$11.25,12,$135.00,0,, $-   ,,,,,,,,,,,,
,PRO081001CH,,,Proofly,Natural Charcoal CBD Face Mask,00841527000193,CBD,100g,<1%,50mg,,8/4/2021,$29.97,6,$179.82,4,, $-   ,,,,,,,,,,,,
,PRO081001NA,,,Proofly, Natural Clay CBD Face Mask,00841527000209,CBD,100g,<1%,50mg,,,$29.97,6,$179.82,0,, $-   ,,,,,,,,,,,,
,SHY086006CB,,,Shyne Botanicals,***NEW*** CBD Salve 3000,00628678940079,CBD,60ml,0mg,42mg,,6/23/2022,$51.78,6,$310.68,30,, $-   ,,,,,,,,,,,,
,SHY086006MU,,,Shyne Botanicals,***NEW*** Muscle Rub 2:1,00628678940055,THC/CBD,60g,24.1,15.1,,6/30/2022,$34.67,6,$208.02,26,, $-   ,,,,,,,,,,,,
,WIL 081212CB,,,Wildflower,CBD Cool Stick,00688318000747,CBD,30g,0mg,123mg,,6/16/2022,$19.90,12,$238.80,7,, $-   ,,,,,,,,,,,,
,WiL083030CB,,,Wildflower,CBD Cool Stick,00688318000396,CBD,73g,0mg,300mg,,,$45.14,12,$541.68,0,, $-   ,,,,,,,,,,,,
,WIL085050CB,,,Wildflower,CBD Relief Stick,00688318000419,CBD,73g,0mg,500mg,,,$55.75,12,$669.00,0,, $-   ,,,,,,,,,,,,
,,,,,,,,,,,,,,,,Subtotal,0, $-   ,,,,,,,,,,,,
Accessories,,,,,,,,,,"- By submitting this order to National Cannabis Distribution you confirm you have a Cannabis Retail Store Permit issued by the SLGA, that the permit is valid and has not been revoked and that you will provide a copy of the permit to National Cannabis Distribution upon our request.",,,,,,Freight,, $35.00 ,,,,,,,,,,,,
Accessories,,,,,,,,,,- Shipping included on all orders > $1000 pre tax,,,,,,GST,5%, $1.75 ,,,,,,,,,,,,
,,,,,,,,,,$35 shipping fee added to all orders under $1000 ,,,,,,Total,, $36.75 ,,,,,,,,,,,,
,,,,,,,,,,,,,,,,,,,,,,,,,,,,,,
,,,,,,,,,,,,,,,,,,,,,,,,,,,,,,
,,,,,,,,,,,,,,,,,,,,,,,,,,,,,,
,,,,,,,,,,,,,,,,,,,,,,,,,,,,,,
,,,,,,,,,,,,,,,,,,,,,,,,,,,,,,
,,,,,,,,,,,,,,,,,,,,,,,,,,,,,,
,,,,,,,,,,,,,,,,,,,,,,,,,,,,,,
,,,,,,,,,,,,,,,,,,,,,,,,,,,,,,
,,,,,,,,,,,,,,,,,,,,,,,,,,,,,,
,,,,,,,,,,,,,,,,,,,,,,,,,,,,,,
,,,,,,,,,,,,,,,,,,,,,,,,,,,,,,
,,,,,,,,,,,,,,,,,,,,,,,,,,,,,,
,,,,,,,,,,,,,,,,,,,,,,,,,,,,,,
,,,,,,,,,,,,,,,,,,,,,,,,,,,,,,
,,,,,,,,,,,,,,,,,,,,,,,,,,,,,,
,,,,,,,,,,,,,,,,,,,,,,,,,,,,,,
,,,,,,,,,,,,,,,,,,,,,,,,,,,,,,
,,,,,,,,,,,,,,,,,,,,,,,,,,,,,,
,,,,,,,,,,,,,,,,,,,,,,,,,,,,,,
,,,,,,,,,,,,,,,,,,,,,,,,,,,,,,
,,,,,,,,,,,,,,,,,,,,,,,,,,,,,,
,,,,,,,,,,,,,,,,,,,,,,,,,,,,,,
,,,,,,,,,,,,,,,,,,,,,,,,,,,,,,
,,,,,,,,,,,,,,,,,,,,,,,,,,,,,,
,,,,,,,,,,,,,,,,,,,,,,,,,,,,,,
,,,,,,,,,,,,,,,,,,,,,,,,,,,,,,
,,,,,,,,,,,,,,,,,,,,,,,,,,,,,,
,,,,,,,,,,,,,,,,,,,,,,,,,,,,,,
,,,,,,,,,,,,,,,,,,,,,,,,,,,,,,
,,,,,,,,,,,,,,,,,,,,,,,,,,,,,,
,,,,,,,,,,,,,,,,,,,,,,,,,,,,,,
,,,,,,,,,,,,,,,,,,,,,,,,,,,,,,
,,,,,,,,,,,,,,,,,,,,,,,,,,,,,,
,,,,,,,,,,,,,,,,,,,,,,,,,,,,,,
,,,,,,,,,,,,,,,,,,,,,,,,,,,,,,
,,,,,,,,,,,,,,,,,,,,,,,,,,,,,,
,,,,,,,,,,,,,,,,,,,,,,,,,,,,,,
,,,,,,,,,,,,,,,,,,,,,,,,,,,,,,
,,,,,,,,,,,,,,,,,,,,,,,,,,,,,,
,,,,,,,,,,,,,,,,,,,,,,,,,,,,,,
,,,,,,,,,,,,,,,,,,,,,,,,,,,,,,
,,,,,,,,,,,,,,,,,,,,,,,,,,,,,,
,,,,,,,,,,,,,,,,,,,,,,,,,,,,,,
,,,,,,,,,,,,,,,,,,,,,,,,,,,,,,
,,,,,,,,,,,,,,,,,,,,,,,,,,,,,,
,,,,,,,,,,,,,,,,,,,,,,,,,,,,,,
,,,,,,,,,,,,,,,,,,,,,,,,,,,,,,
,,,,,,,,,,,,,,,,,,,,,,,,,,,,,,
,,,,,,,,,,,,,,,,,,,,,,,,,,,,,,
,,,,,,,,,,,,,,,,,,,,,,,,,,,,,,
,,,,,,,,,,,,,,,,,,,,,,,,,,,,,,
,,,,,,,,,,,,,,,,,,,,,,,,,,,,,,
,,,,,,,,,,,,,,,,,,,,,,,,,,,,,,
,,,,,,,,,,,,,,,,,,,,,,,,,,,,,,
,,,,,,,,,,,,,,,,,,,,,,,,,,,,,,
,,,,,,,,,,,,,,,,,,,,,,,,,,,,,,
,,,,,,,,,,,,,,,,,,,,,,,,,,,,,,
,,,,,,,,,,,,,,,,,,,,,,,,,,,,,,
,,,,,,,,,,,,,,,,,,,,,,,,,,,,,,
,,,,,,,,,,,,,,,,,,,,,,,,,,,,,,
,,,,,,,,,,,,,,,,,,,,,,,,,,,,,,
,,,,,,,,,,,,,,,,,,,,,,,,,,,,,,
,,,,,,,,,,,,,,,,,,,,,,,,,,,,,,
,,,,,,,,,,,,,,,,,,,,,,,,,,,,,,
,,,,,,,,,,,,,,,,,,,,,,,,,,,,,,
,,,,,,,,,,,,,,,,,,,,,,,,,,,,,,
,,,,,,,,,,,,,,,,,,,,,,,,,,,,,,
,,,,,,,,,,,,,,,,,,,,,,,,,,,,,,
,,,,,,,,,,,,,,,,,,,,,,,,,,,,,,
,,,,,,,,,,,,,,,,,,,,,,,,,,,,,,
,,,,,,,,,,,,,,,,,,,,,,,,,,,,,,
,,,,,,,,,,,,,,,,,,,,,,,,,,,,,,
,,,,,,,,,,,,,,,,,,,,,,,,,,,,,,
,,,,,,,,,,,,,,,,,,,,,,,,,,,,,,
,,,,,,,,,,,,,,,,,,,,,,,,,,,,,,
,,,,,,,,,,,,,,,,,,,,,,,,,,,,,,
,,,,,,,,,,,,,,,,,,,,,,,,,,,,,,
,,,,,,,,,,,,,,,,,,,,,,,,,,,,,,
,,,,,,,,,,,,,,,,,,,,,,,,,,,,,,
,,,,,,,,,,,,,,,,,,,,,,,,,,,,,,
,,,,,,,,,,,,,,,,,,,,,,,,,,,,,,
,,,,,,,,,,,,,,,,,,,,,,,,,,,,,,
,,,,,,,,,,,,,,,,,,,,,,,,,,,,,,
,,,,,,,,,,,,,,,,,,,,,,,,,,,,,,
,,,,,,,,,,,,,,,,,,,,,,,,,,,,,,
,,,,,,,,,,,,,,,,,,,,,,,,,,,,,,
,,,,,,,,,,,,,,,,,,,,,,,,,,,,,,
,,,,,,,,,,,,,,,,,,,,,,,,,,,,,,
,,,,,,,,,,,,,,,,,,,,,,,,,,,,,,
,,,,,,,,,,,,,,,,,,,,,,,,,,,,,,
,,,,,,,,,,,,,,,,,,,,,,,,,,,,,,
,,,,,,,,,,,,,,,,,,,,,,,,,,,,,,
,,,,,,,,,,,,,,,,,,,,,,,,,,,,,,
,,,,,,,,,,,,,,,,,,,,,,,,,,,,,,
,,,,,,,,,,,,,,,,,,,,,,,,,,,,,,
,,,,,,,,,,,,,,,,,,,,,,,,,,,,,,
,,,,,,,,,,,,,,,,,,,,,,,,,,,,,,
,,,,,,,,,,,,,,,,,,,,,,,,,,,,,,
,,,,,,,,,,,,,,,,,,,,,,,,,,,,,,
,,,,,,,,,,,,,,,,,,,,,,,,,,,,,,
,,,,,,,,,,,,,,,,,,,,,,,,,,,,,,
,,,,,,,,,,,,,,,,,,,,,,,,,,,,,,
,,,,,,,,,,,,,,,,,,,,,,,,,,,,,,
,,,,,,,,,,,,,,,,,,,,,,,,,,,,,,
,,,,,,,,,,,,,,,,,,,,,,,,,,,,,,
,,,,,,,,,,,,,,,,,,,,,,,,,,,,,,
,,,,,,,,,,,,,,,,,,,,,,,,,,,,,,
,,,,,,,,,,,,,,,,,,,,,,,,,,,,,,
,,,,,,,,,,,,,,,,,,,,,,,,,,,,,,
,,,,,,,,,,,,,,,,,,,,,,,,,,,,,,
,,,,,,,,,,,,,,,,,,,,,,,,,,,,,,
,,,,,,,,,,,,,,,,,,,,,,,,,,,,,,
,,,,,,,,,,,,,,,,,,,,,,,,,,,,,,
,,,,,,,,,,,,,,,,,,,,,,,,,,,,,,
,,,,,,,,,,,,,,,,,,,,,,,,,,,,,,
,,,,,,,,,,,,,,,,,,,,,,,,,,,,,,
,,,,,,,,,,,,,,,,,,,,,,,,,,,,,,
,,,,,,,,,,,,,,,,,,,,,,,,,,,,,,
,,,,,,,,,,,,,,,,,,,,,,,,,,,,,,
,,,,,,,,,,,,,,,,,,,,,,,,,,,,,,
,,,,,,,,,,,,,,,,,,,,,,,,,,,,,,
,,,,,,,,,,,,,,,,,,,,,,,,,,,,,,
,,,,,,,,,,,,,,,,,,,,,,,,,,,,,,
,,,,,,,,,,,,,,,,,,,,,,,,,,,,,,
,,,,,,,,,,,,,,,,,,,,,,,,,,,,,,
,,,,,,,,,,,,,,,,,,,,,,,,,,,,,,
,,,,,,,,,,,,,,,,,,,,,,,,,,,,,,
,,,,,,,,,,,,,,,,,,,,,,,,,,,,,,
,,,,,,,,,,,,,,,,,,,,,,,,,,,,,,
,,,,,,,,,,,,,,,,,,,,,,,,,,,,,,
,,,,,,,,,,,,,,,,,,,,,,,,,,,,,,
,,,,,,,,,,,,,,,,,,,,,,,,,,,,,,
,,,,,,,,,,,,,,,,,,,,,,,,,,,,,,
,,,,,,,,,,,,,,,,,,,,,,,,,,,,,,
,,,,,,,,,,,,,,,,,,,,,,,,,,,,,,
,,,,,,,,,,,,,,,,,,,,,,,,,,,,,,
,,,,,,,,,,,,,,,,,,,,,,,,,,,,,,
,,,,,,,,,,,,,,,,,,,,,,,,,,,,,,
,,,,,,,,,,,,,,,,,,,,,,,,,,,,,,
,,,,,,,,,,,,,,,,,,,,,,,,,,,,,,
,,,,,,,,,,,,,,,,,,,,,,,,,,,,,,
,,,,,,,,,,,,,,,,,,,,,,,,,,,,,,
,,,,,,,,,,,,,,,,,,,,,,,,,,,,,,
,,,,,,,,,,,,,,,,,,,,,,,,,,,,,,
,,,,,,,,,,,,,,,,,,,,,,,,,,,,,,
,,,,,,,,,,,,,,,,,,,,,,,,,,,,,,
,,,,,,,,,,,,,,,,,,,,,,,,,,,,,,
,,,,,,,,,,,,,,,,,,,,,,,,,,,,,,
,,,,,,,,,,,,,,,,,,,,,,,,,,,,,,
,,,,,,,,,,,,,,,,,,,,,,,,,,,,,,
,,,,,,,,,,,,,,,,,,,,,,,,,,,,,,
,,,,,,,,,,,,,,,,,,,,,,,,,,,,,,
,,,,,,,,,,,,,,,,,,,,,,,,,,,,,,
,,,,,,,,,,,,,,,,,,,,,,,,,,,,,,
,,,,,,,,,,,,,,,,,,,,,,,,,,,,,,
,,,,,,,,,,,,,,,,,,,,,,,,,,,,,,
,,,,,,,,,,,,,,,,,,,,,,,,,,,,,,
,,,,,,,,,,,,,,,,,,,,,,,,,,,,,,
,,,,,,,,,,,,,,,,,,,,,,,,,,,,,,
,,,,,,,,,,,,,,,,,,,,,,,,,,,,,,
,,,,,,,,,,,,,,,,,,,,,,,,,,,,,,
,,,,,,,,,,,,,,,,,,,,,,,,,,,,,,
,,,,,,,,,,,,,,,,,,,,,,,,,,,,,,
,,,,,,,,,,,,,,,,,,,,,,,,,,,,,,
,,,,,,,,,,,,,,,,,,,,,,,,,,,,,,
,,,,,,,,,,,,,,,,,,,,,,,,,,,,,,
,,,,,,,,,,,,,,,,,,,,,,,,,,,,,,
,,,,,,,,,,,,,,,,,,,,,,,,,,,,,,
,,,,,,,,,,,,,,,,,,,,,,,,,,,,,,
,,,,,,,,,,,,,,,,,,,,,,,,,,,,,,
,,,,,,,,,,,,,,,,,,,,,,,,,,,,,,
,,,,,,,,,,,,,,,,,,,,,,,,,,,,,,
,,,,,,,,,,,,,,,,,,,,,,,,,,,,,,
,,,,,,,,,,,,,,,,,,,,,,,,,,,,,,
,,,,,,,,,,,,,,,,,,,,,,,,,,,,,,
,,,,,,,,,,,,,,,,,,,,,,,,,,,,,,
,,,,,,,,,,,,,,,,,,,,,,,,,,,,,,
,,,,,,,,,,,,,,,,,,,,,,,,,,,,,,
,,,,,,,,,,,,,,,,,,,,,,,,,,,,,,
,,,,,,,,,,,,,,,,,,,,,,,,,,,,,,
,,,,,,,,,,,,,,,,,,,,,,,,,,,,,,
,,,,,,,,,,,,,,,,,,,,,,,,,,,,,,
,,,,,,,,,,,,,,,,,,,,,,,,,,,,,,
,,,,,,,,,,,,,,,,,,,,,,,,,,,,,,
,,,,,,,,,,,,,,,,,,,,,,,,,,,,,,
,,,,,,,,,,,,,,,,,,,,,,,,,,,,,,
,,,,,,,,,,,,,,,,,,,,,,,,,,,,,,
,,,,,,,,,,,,,,,,,,,,,,,,,,,,,,
,,,,,,,,,,,,,,,,,,,,,,,,,,,,,,
,,,,,,,,,,,,,,,,,,,,,,,,,,,,,,
,,,,,,,,,,,,,,,,,,,,,,,,,,,,,,
,,,,,,,,,,,,,,,,,,,,,,,,,,,,,,
,,,,,,,,,,,,,,,,,,,,,,,,,,,,,,
,,,,,,,,,,,,,,,,,,,,,,,,,,,,,,
,,,,,,,,,,,,,,,,,,,,,,,,,,,,,,
,,,,,,,,,,,,,,,,,,,,,,,,,,,,,,
,,,,,,,,,,,,,,,,,,,,,,,,,,,,,,
,,,,,,,,,,,,,,,,,,,,,,,,,,,,,,
,,,,,,,,,,,,,,,,,,,,,,,,,,,,,,
,,,,,,,,,,,,,,,,,,,,,,,,,,,,,,
,,,,,,,,,,,,,,,,,,,,,,,,,,,,,,
,,,,,,,,,,,,,,,,,,,,,,,,,,,,,,
,,,,,,,,,,,,,,,,,,,,,,,,,,,,,,
,,,,,,,,,,,,,,,,,,,,,,,,,,,,,,
,,,,,,,,,,,,,,,,,,,,,,,,,,,,,,
,,,,,,,,,,,,,,,,,,,,,,,,,,,,,,
,,,,,,,,,,,,,,,,,,,,,,,,,,,,,,
,,,,,,,,,,,,,,,,,,,,,,,,,,,,,,
,,,,,,,,,,,,,,,,,,,,,,,,,,,,,,
,,,,,,,,,,,,,,,,,,,,,,,,,,,,,,
,,,,,,,,,,,,,,,,,,,,,,,,,,,,,,
,,,,,,,,,,,,,,,,,,,,,,,,,,,,,,
,,,,,,,,,,,,,,,,,,,,,,,,,,,,,,
,,,,,,,,,,,,,,,,,,,,,,,,,,,,,,
,,,,,,,,,,,,,,,,,,,,,,,,,,,,,,
,,,,,,,,,,,,,,,,,,,,,,,,,,,,,,
,,,,,,,,,,,,,,,,,,,,,,,,,,,,,,
,,,,,,,,,,,,,,,,,,,,,,,,,,,,,,
,,,,,,,,,,,,,,,,,,,,,,,,,,,,,,
,,,,,,,,,,,,,,,,,,,,,,,,,,,,,,
,,,,,,,,,,,,,,,,,,,,,,,,,,,,,,
,,,,,,,,,,,,,,,,,,,,,,,,,,,,,,
,,,,,,,,,,,,,,,,,,,,,,,,,,,,,,
,,,,,,,,,,,,,,,,,,,,,,,,,,,,,,
,,,,,,,,,,,,,,,,,,,,,,,,,,,,,,
,,,,,,,,,,,,,,,,,,,,,,,,,,,,,,
,,,,,,,,,,,,,,,,,,,,,,,,,,,,,,
,,,,,,,,,,,,,,,,,,,,,,,,,,,,,,
,,,,,,,,,,,,,,,,,,,,,,,,,,,,,,
,,,,,,,,,,,,,,,,,,,,,,,,,,,,,,
,,,,,,,,,,,,,,,,,,,,,,,,,,,,,,
,,,,,,,,,,,,,,,,,,,,,,,,,,,,,,
,,,,,,,,,,,,,,,,,,,,,,,,,,,,,,
,,,,,,,,,,,,,,,,,,,,,,,,,,,,,,
,,,,,,,,,,,,,,,,,,,,,,,,,,,,,,
,,,,,,,,,,,,,,,,,,,,,,,,,,,,,,
,,,,,,,,,,,,,,,,,,,,,,,,,,,,,,
,,,,,,,,,,,,,,,,,,,,,,,,,,,,,,
,,,,,,,,,,,,,,,,,,,,,,,,,,,,,,
,,,,,,,,,,,,,,,,,,,,,,,,,,,,,,
,,,,,,,,,,,,,,,,,,,,,,,,,,,,,,
,,,,,,,,,,,,,,,,,,,,,,,,,,,,,,
,,,,,,,,,,,,,,,,,,,,,,,,,,,,,,
,,,,,,,,,,,,,,,,,,,,,,,,,,,,,,
,,,,,,,,,,,,,,,,,,,,,,,,,,,,,,
,,,,,,,,,,,,,,,,,,,,,,,,,,,,,,
,,,,,,,,,,,,,,,,,,,,,,,,,,,,,,
,,,,,,,,,,,,,,,,,,,,,,,,,,,,,,
,,,,,,,,,,,,,,,,,,,,,,,,,,,,,,
,,,,,,,,,,,,,,,,,,,,,,,,,,,,,,
,,,,,,,,,,,,,,,,,,,,,,,,,,,,,,
,,,,,,,,,,,,,,,,,,,,,,,,,,,,,,
,,,,,,,,,,,,,,,,,,,,,,,,,,,,,,
,,,,,,,,,,,,,,,,,,,,,,,,,,,,,,
,,,,,,,,,,,,,,,,,,,,,,,,,,,,,,
,,,,,,,,,,,,,,,,,,,,,,,,,,,,,,
,,,,,,,,,,,,,,,,,,,,,,,,,,,,,,
,,,,,,,,,,,,,,,,,,,,,,,,,,,,,,
,,,,,,,,,,,,,,,,,,,,,,,,,,,,,,
,,,,,,,,,,,,,,,,,,,,,,,,,,,,,,
,,,,,,,,,,,,,,,,,,,,,,,,,,,,,,
,,,,,,,,,,,,,,,,,,,,,,,,,,,,,,
,,,,,,,,,,,,,,,,,,,,,,,,,,,,,,
,,,,,,,,,,,,,,,,,,,,,,,,,,,,,,
,,,,,,,,,,,,,,,,,,,,,,,,,,,,,,
,,,,,,,,,,,,,,,,,,,,,,,,,,,,,,
,,,,,,,,,,,,,,,,,,,,,,,,,,,,,,
,,,,,,,,,,,,,,,,,,,,,,,,,,,,,,
,,,,,,,,,,,,,,,,,,,,,,,,,,,,,,
,,,,,,,,,,,,,,,,,,,,,,,,,,,,,,
,,,,,,,,,,,,,,,,,,,,,,,,,,,,,,
,,,,,,,,,,,,,,,,,,,,,,,,,,,,,,
,,,,,,,,,,,,,,,,,,,,,,,,,,,,,,
,,,,,,,,,,,,,,,,,,,,,,,,,,,,,,
,,,,,,,,,,,,,,,,,,,,,,,,,,,,,,
,,,,,,,,,,,,,,,,,,,,,,,,,,,,,,
,,,,,,,,,,,,,,,,,,,,,,,,,,,,,,
,,,,,,,,,,,,,,,,,,,,,,,,,,,,,,
,,,,,,,,,,,,,,,,,,,,,,,,,,,,,,
,,,,,,,,,,,,,,,,,,,,,,,,,,,,,,
,,,,,,,,,,,,,,,,,,,,,,,,,,,,,,
,,,,,,,,,,,,,,,,,,,,,,,,,,,,,,
,,,,,,,,,,,,,,,,,,,,,,,,,,,,,,
,,,,,,,,,,,,,,,,,,,,,,,,,,,,,,
,,,,,,,,,,,,,,,,,,,,,,,,,,,,,,
,,,,,,,,,,,,,,,,,,,,,,,,,,,,,,
,,,,,,,,,,,,,,,,,,,,,,,,,,,,,,
,,,,,,,,,,,,,,,,,,,,,,,,,,,,,,
,,,,,,,,,,,,,,,,,,,,,,,,,,,,,,
,,,,,,,,,,,,,,,,,,,,,,,,,,,,,,
,,,,,,,,,,,,,,,,,,,,,,,,,,,,,,
,,,,,,,,,,,,,,,,,,,,,,,,,,,,,,
,,,,,,,,,,,,,,,,,,,,,,,,,,,,,,
,,,,,,,,,,,,,,,,,,,,,,,,,,,,,,
,,,,,,,,,,,,,,,,,,,,,,,,,,,,,,
,,,,,,,,,,,,,,,,,,,,,,,,,,,,,,
,,,,,,,,,,,,,,,,,,,,,,,,,,,,,,
,,,,,,,,,,,,,,,,,,,,,,,,,,,,,,
,,,,,,,,,,,,,,,,,,,,,,,,,,,,,,
,,,,,,,,,,,,,,,,,,,,,,,,,,,,,,
,,,,,,,,,,,,,,,,,,,,,,,,,,,,,,
,,,,,,,,,,,,,,,,,,,,,,,,,,,,,,
,,,,,,,,,,,,,,,,,,,,,,,,,,,,,,
,,,,,,,,,,,,,,,,,,,,,,,,,,,,,,
,,,,,,,,,,,,,,,,,,,,,,,,,,,,,,
,,,,,,,,,,,,,,,,,,,,,,,,,,,,,,
,,,,,,,,,,,,,,,,,,,,,,,,,,,,,,
,,,,,,,,,,,,,,,,,,,,,,,,,,,,,,
,,,,,,,,,,,,,,,,,,,,,,,,,,,,,,
,,,,,,,,,,,,,,,,,,,,,,,,,,,,,,
,,,,,,,,,,,,,,,,,,,,,,,,,,,,,,
,,,,,,,,,,,,,,,,,,,,,,,,,,,,,,
,,,,,,,,,,,,,,,,,,,,,,,,,,,,,,
,,,,,,,,,,,,,,,,,,,,,,,,,,,,,,
,,,,,,,,,,,,,,,,,,,,,,,,,,,,,,
,,,,,,,,,,,,,,,,,,,,,,,,,,,,,,
,,,,,,,,,,,,,,,,,,,,,,,,,,,,,,
,,,,,,,,,,,,,,,,,,,,,,,,,,,,,,
,,,,,,,,,,,,,,,,,,,,,,,,,,,,,,
,,,,,,,,,,,,,,,,,,,,,,,,,,,,,,
,,,,,,,,,,,,,,,,,,,,,,,,,,,,,,
,,,,,,,,,,,,,,,,,,,,,,,,,,,,,,
,,,,,,,,,,,,,,,,,,,,,,,,,,,,,,
,,,,,,,,,,,,,,,,,,,,,,,,,,,,,,
,,,,,,,,,,,,,,,,,,,,,,,,,,,,,,
,,,,,,,,,,,,,,,,,,,,,,,,,,,,,,
,,,,,,,,,,,,,,,,,,,,,,,,,,,,,,
,,,,,,,,,,,,,,,,,,,,,,,,,,,,,,
,,,,,,,,,,,,,,,,,,,,,,,,,,,,,,
,,,,,,,,,,,,,,,,,,,,,,,,,,,,,,
,,,,,,,,,,,,,,,,,,,,,,,,,,,,,,
,,,,,,,,,,,,,,,,,,,,,,,,,,,,,,
,,,,,,,,,,,,,,,,,,,,,,,,,,,,,,
,,,,,,,,,,,,,,,,,,,,,,,,,,,,,,
,,,,,,,,,,,,,,,,,,,,,,,,,,,,,,
,,,,,,,,,,,,,,,,,,,,,,,,,,,,,,
,,,,,,,,,,,,,,,,,,,,,,,,,,,,,,
,,,,,,,,,,,,,,,,,,,,,,,,,,,,,,
,,,,,,,,,,,,,,,,,,,,,,,,,,,,,,
,,,,,,,,,,,,,,,,,,,,,,,,,,,,,,
,,,,,,,,,,,,,,,,,,,,,,,,,,,,,,
,,,,,,,,,,,,,,,,,,,,,,,,,,,,,,
,,,,,,,,,,,,,,,,,,,,,,,,,,,,,,
,,,,,,,,,,,,,,,,,,,,,,,,,,,,,,
,,,,,,,,,,,,,,,,,,,,,,,,,,,,,,
,,,,,,,,,,,,,,,,,,,,,,,,,,,,,,
,,,,,,,,,,,,,,,,,,,,,,,,,,,,,,
,,,,,,,,,,,,,,,,,,,,,,,,,,,,,,
,,,,,,,,,,,,,,,,,,,,,,,,,,,,,,
,,,,,,,,,,,,,,,,,,,,,,,,,,,,,,
,,,,,,,,,,,,,,,,,,,,,,,,,,,,,,
,,,,,,,,,,,,,,,,,,,,,,,,,,,,,,
,,,,,,,,,,,,,,,,,,,,,,,,,,,,,,
,,,,,,,,,,,,,,,,,,,,,,,,,,,,,,
,,,,,,,,,,,,,,,,,,,,,,,,,,,,,,
,,,,,,,,,,,,,,,,,,,,,,,,,,,,,,
,,,,,,,,,,,,,,,,,,,,,,,,,,,,,,
,,,,,,,,,,,,,,,,,,,,,,,,,,,,,,
,,,,,,,,,,,,,,,,,,,,,,,,,,,,,,
,,,,,,,,,,,,,,,,,,,,,,,,,,,,,,
,,,,,,,,,,,,,,,,,,,,,,,,,,,,,,
,,,,,,,,,,,,,,,,,,,,,,,,,,,,,,
,,,,,,,,,,,,,,,,,,,,,,,,,,,,,,
,,,,,,,,,,,,,,,,,,,,,,,,,,,,,,
,,,,,,,,,,,,,,,,,,,,,,,,,,,,,,
,,,,,,,,,,,,,,,,,,,,,,,,,,,,,,
,,,,,,,,,,,,,,,,,,,,,,,,,,,,,,
,,,,,,,,,,,,,,,,,,,,,,,,,,,,,,
,,,,,,,,,,,,,,,,,,,,,,,,,,,,,,
,,,,,,,,,,,,,,,,,,,,,,,,,,,,,,
,,,,,,,,,,,,,,,,,,,,,,,,,,,,,,
,,,,,,,,,,,,,,,,,,,,,,,,,,,,,,
,,,,,,,,,,,,,,,,,,,,,,,,,,,,,,
,,,,,,,,,,,,,,,,,,,,,,,,,,,,,,
,,,,,,,,,,,,,,,,,,,,,,,,,,,,,,
,,,,,,,,,,,,,,,,,,,,,,,,,,,,,,
,,,,,,,,,,,,,,,,,,,,,,,,,,,,,,
,,,,,,,,,,,,,,,,,,,,,,,,,,,,,,
,,,,,,,,,,,,,,,,,,,,,,,,,,,,,,
,,,,,,,,,,,,,,,,,,,,,,,,,,,,,,
,,,,,,,,,,,,,,,,,,,,,,,,,,,,,,
,,,,,,,,,,,,,,,,,,,,,,,,,,,,,,
,,,,,,,,,,,,,,,,,,,,,,,,,,,,,,
,,,,,,,,,,,,,,,,,,,,,,,,,,,,,,
,,,,,,,,,,,,,,,,,,,,,,,,,,,,,,
,,,,,,,,,,,,,,,,,,,,,,,,,,,,,,
,,,,,,,,,,,,,,,,,,,,,,,,,,,,,,
,,,,,,,,,,,,,,,,,,,,,,,,,,,,,,
,,,,,,,,,,,,,,,,,,,,,,,,,,,,,,
,,,,,,,,,,,,,,,,,,,,,,,,,,,,,,
,,,,,,,,,,,,,,,,,,,,,,,,,,,,,,
,,,,,,,,,,,,,,,,,,,,,,,,,,,,,,
,,,,,,,,,,,,,,,,,,,,,,,,,,,,,,
,,,,,,,,,,,,,,,,,,,,,,,,,,,,,,
,,,,,,,,,,,,,,,,,,,,,,,,,,,,,,
,,,,,,,,,,,,,,,,,,,,,,,,,,,,,,
,,,,,,,,,,,,,,,,,,,,,,,,,,,,,,
,,,,,,,,,,,,,,,,,,,,,,,,,,,,,,
,,,,,,,,,,,,,,,,,,,,,,,,,,,,,,
,,,,,,,,,,,,,,,,,,,,,,,,,,,,,,
,,,,,,,,,,,,,,,,,,,,,,,,,,,,,,
,,,,,,,,,,,,,,,,,,,,,,,,,,,,,,
,,,,,,,,,,,,,,,,,,,,,,,,,,,,,,
,,,,,,,,,,,,,,,,,,,,,,,,,,,,,,
,,,,,,,,,,,,,,,,,,,,,,,,,,,,,,
,,,,,,,,,,,,,,,,,,,,,,,,,,,,,,
,,,,,,,,,,,,,,,,,,,,,,,,,,,,,,
,,,,,,,,,,,,,,,,,,,,,,,,,,,,,,
,,,,,,,,,,,,,,,,,,,,,,,,,,,,,,
,,,,,,,,,,,,,,,,,,,,,,,,,,,,,,
,,,,,,,,,,,,,,,,,,,,,,,,,,,,,,
,,,,,,,,,,,,,,,,,,,,,,,,,,,,,,
,,,,,,,,,,,,,,,,,,,,,,,,,,,,,,
,,,,,,,,,,,,,,,,,,,,,,,,,,,,,,
,,,,,,,,,,,,,,,,,,,,,,,,,,,,,,
,,,,,,,,,,,,,,,,,,,,,,,,,,,,,,
,,,,,,,,,,,,,,,,,,,,,,,,,,,,,,
,,,,,,,,,,,,,,,,,,,,,,,,,,,,,,
,,,,,,,,,,,,,,,,,,,,,,,,,,,,,,
,,,,,,,,,,,,,,,,,,,,,,,,,,,,,,
,,,,,,,,,,,,,,,,,,,,,,,,,,,,,,
,,,,,,,,,,,,,,,,,,,,,,,,,,,,,,
,,,,,,,,,,,,,,,,,,,,,,,,,,,,,,
,,,,,,,,,,,,,,,,,,,,,,,,,,,,,,
,,,,,,,,,,,,,,,,,,,,,,,,,,,,,,
,,,,,,,,,,,,,,,,,,,,,,,,,,,,,,
,,,,,,,,,,,,,,,,,,,,,,,,,,,,,,
,,,,,,,,,,,,,,,,,,,,,,,,,,,,,,
,,,,,,,,,,,,,,,,,,,,,,,,,,,,,,
,,,,,,,,,,,,,,,,,,,,,,,,,,,,,,
,,,,,,,,,,,,,,,,,,,,,,,,,,,,,,
,,,,,,,,,,,,,,,,,,,,,,,,,,,,,,
,,,,,,,,,,,,,,,,,,,,,,,,,,,,,,
,,,,,,,,,,,,,,,,,,,,,,,,,,,,,,
,,,,,,,,,,,,,,,,,,,,,,,,,,,,,,
,,,,,,,,,,,,,,,,,,,,,,,,,,,,,,
,,,,,,,,,,,,,,,,,,,,,,,,,,,,,,
,,,,,,,,,,,,,,,,,,,,,,,,,,,,,,
,,,,,,,,,,,,,,,,,,,,,,,,,,,,,,
,,,,,,,,,,,,,,,,,,,,,,,,,,,,,,
,,,,,,,,,,,,,,,,,,,,,,,,,,,,,,
,,,,,,,,,,,,,,,,,,,,,,,,,,,,,,
,,,,,,,,,,,,,,,,,,,,,,,,,,,,,,
,,,,,,,,,,,,,,,,,,,,,,,,,,,,,,
,,,,,,,,,,,,,,,,,,,,,,,,,,,,,,
,,,,,,,,,,,,,,,,,,,,,,,,,,,,,,
,,,,,,,,,,,,,,,,,,,,,,,,,,,,,,
,,,,,,,,,,,,,,,,,,,,,,,,,,,,,,
,,,,,,,,,,,,,,,,,,,,,,,,,,,,,,
,,,,,,,,,,,,,,,,,,,,,,,,,,,,,,
,,,,,,,,,,,,,,,,,,,,,,,,,,,,,,
,,,,,,,,,,,,,,,,,,,,,,,,,,,,,,
,,,,,,,,,,,,,,,,,,,,,,,,,,,,,,
,,,,,,,,,,,,,,,,,,,,,,,,,,,,,,
,,,,,,,,,,,,,,,,,,,,,,,,,,,,,,
,,,,,,,,,,,,,,,,,,,,,,,,,,,,,,
,,,,,,,,,,,,,,,,,,,,,,,,,,,,,,
,,,,,,,,,,,,,,,,,,,,,,,,,,,,,,
,,,,,,,,,,,,,,,,,,,,,,,,,,,,,,
,,,,,,,,,,,,,,,,,,,,,,,,,,,,,,
,,,,,,,,,,,,,,,,,,,,,,,,,,,,,,
,,,,,,,,,,,,,,,,,,,,,,,,,,,,,,
,,,,,,,,,,,,,,,,,,,,,,,,,,,,,,
,,,,,,,,,,,,,,,,,,,,,,,,,,,,,,
,,,,,,,,,,,,,,,,,,,,,,,,,,,,,,
,,,,,,,,,,,,,,,,,,,,,,,,,,,,,,
,,,,,,,,,,,,,,,,,,,,,,,,,,,,,,
,,,,,,,,,,,,,,,,,,,,,,,,,,,,,,
,,,,,,,,,,,,,,,,,,,,,,,,,,,,,,
,,,,,,,,,,,,,,,,,,,,,,,,,,,,,,
,,,,,,,,,,,,,,,,,,,,,,,,,,,,,,
,,,,,,,,,,,,,,,,,,,,,,,,,,,,,,
,,,,,,,,,,,,,,,,,,,,,,,,,,,,,,
,,,,,,,,,,,,,,,,,,,,,,,,,,,,,,
,,,,,,,,,,,,,,,,,,,,,,,,,,,,,,
,,,,,,,,,,,,,,,,,,,,,,,,,,,,,,
,,,,,,,,,,,,,,,,,,,,,,,,,,,,,,
,,,,,,,,,,,,,,,,,,,,,,,,,,,,,,
,,,,,,,,,,,,,,,,,,,,,,,,,,,,,,
,,,,,,,,,,,,,,,,,,,,,,,,,,,,,,
,,,,,,,,,,,,,,,,,,,,,,,,,,,,,,
,,,,,,,,,,,,,,,,,,,,,,,,,,,,,,
,,,,,,,,,,,,,,,,,,,,,,,,,,,,,,
,,,,,,,,,,,,,,,,,,,,,,,,,,,,,,
,,,,,,,,,,,,,,,,,,,,,,,,,,,,,,
,,,,,,,,,,,,,,,,,,,,,,,,,,,,,,
,,,,,,,,,,,,,,,,,,,,,,,,,,,,,,
,,,,,,,,,,,,,,,,,,,,,,,,,,,,,,
,,,,,,,,,,,,,,,,,,,,,,,,,,,,,,
,,,,,,,,,,,,,,,,,,,,,,,,,,,,,,
,,,,,,,,,,,,,,,,,,,,,,,,,,,,,,
,,,,,,,,,,,,,,,,,,,,,,,,,,,,,,
,,,,,,,,,,,,,,,,,,,,,,,,,,,,,,
,,,,,,,,,,,,,,,,,,,,,,,,,,,,,,
,,,,,,,,,,,,,,,,,,,,,,,,,,,,,,
,,,,,,,,,,,,,,,,,,,,,,,,,,,,,,
,,,,,,,,,,,,,,,,,,,,,,,,,,,,,,
,,,,,,,,,,,,,,,,,,,,,,,,,,,,,,
,,,,,,,,,,,,,,,,,,,,,,,,,,,,,,
,,,,,,,,,,,,,,,,,,,,,,,,,,,,,,
,,,,,,,,,,,,,,,,,,,,,,,,,,,,,,
,,,,,,,,,,,,,,,,,,,,,,,,,,,,,,
,,,,,,,,,,,,,,,,,,,,,,,,,,,,,,
,,,,,,,,,,,,,,,,,,,,,,,,,,,,,,
,,,,,,,,,,,,,,,,,,,,,,,,,,,,,,
,,,,,,,,,,,,,,,,,,,,,,,,,,,,,,
,,,,,,,,,,,,,,,,,,,,,,,,,,,,,,
,,,,,,,,,,,,,,,,,,,,,,,,,,,,,,
,,,,,,,,,,,,,,,,,,,,,,,,,,,,,,
,,,,,,,,,,,,,,,,,,,,,,,,,,,,,,
,,,,,,,,,,,,,,,,,,,,,,,,,,,,,,
,,,,,,,,,,,,,,,,,,,,,,,,,,,,,,
,,,,,,,,,,,,,,,,,,,,,,,,,,,,,,
,,,,,,,,,,,,,,,,,,,,,,,,,,,,,,
,,,,,,,,,,,,,,,,,,,,,,,,,,,,,,
,,,,,,,,,,,,,,,,,,,,,,,,,,,,,,
,,,,,,,,,,,,,,,,,,,,,,,,,,,,,,
,,,,,,,,,,,,,,,,,,,,,,,,,,,,,,
,,,,,,,,,,,,,,,,,,,,,,,,,,,,,,
,,,,,,,,,,,,,,,,,,,,,,,,,,,,,,
,,,,,,,,,,,,,,,,,,,,,,,,,,,,,,
,,,,,,,,,,,,,,,,,,,,,,,,,,,,,,
,,,,,,,,,,,,,,,,,,,,,,,,,,,,,,
,,,,,,,,,,,,,,,,,,,,,,,,,,,,,,
,,,,,,,,,,,,,,,,,,,,,,,,,,,,,,
,,,,,,,,,,,,,,,,,,,,,,,,,,,,,,
,,,,,,,,,,,,,,,,,,,,,,,,,,,,,,
,,,,,,,,,,,,,,,,,,,,,,,,,,,,,,
,,,,,,,,,,,,,,,,,,,,,,,,,,,,,,
,,,,,,,,,,,,,,,,,,,,,,,,,,,,,,
,,,,,,,,,,,,,,,,,,,,,,,,,,,,,,
,,,,,,,,,,,,,,,,,,,,,,,,,,,,,,
,,,,,,,,,,,,,,,,,,,,,,,,,,,,,,
,,,,,,,,,,,,,,,,,,,,,,,,,,,,,,
,,,,,,,,,,,,,,,,,,,,,,,,,,,,,,
,,,,,,,,,,,,,,,,,,,,,,,,,,,,,,
,,,,,,,,,,,,,,,,,,,,,,,,,,,,,,
,,,,,,,,,,,,,,,,,,,,,,,,,,,,,,
,,,,,,,,,,,,,,,,,,,,,,,,,,,,,,
,,,,,,,,,,,,,,,,,,,,,,,,,,,,,,
,,,,,,,,,,,,,,,,,,,,,,,,,,,,,,
,,,,,,,,,,,,,,,,,,,,,,,,,,,,,,
,,,,,,,,,,,,,,,,,,,,,,,,,,,,,,
,,,,,,,,,,,,,,,,,,,,,,,,,,,,,,
,,,,,,,,,,,,,,,,,,,,,,,,,,,,,,
,,,,,,,,,,,,,,,,,,,,,,,,,,,,,,
,,,,,,,,,,,,,,,,,,,,,,,,,,,,,,
,,,,,,,,,,,,,,,,,,,,,,,,,,,,,,
,,,,,,,,,,,,,,,,,,,,,,,,,,,,,,
,,,,,,,,,,,,,,,,,,,,,,,,,,,,,,
,,,,,,,,,,,,,,,,,,,,,,,,,,,,,,
,,,,,,,,,,,,,,,,,,,,,,,,,,,,,,
,,,,,,,,,,,,,,,,,,,,,,,,,,,,,,
,,,,,,,,,,,,,,,,,,,,,,,,,,,,,,
,,,,,,,,,,,,,,,,,,,,,,,,,,,,,,
,,,,,,,,,,,,,,,,,,,,,,,,,,,,,,
,,,,,,,,,,,,,,,,,,,,,,,,,,,,,,
,,,,,,,,,,,,,,,,,,,,,,,,,,,,,,
,,,,,,,,,,,,,,,,,,,,,,,,,,,,,,
,,,,,,,,,,,,,,,,,,,,,,,,,,,,,,
,,,,,,,,,,,,,,,,,,,,,,,,,,,,,,
,,,,,,,,,,,,,,,,,,,,,,,,,,,,,,
,,,,,,,,,,,,,,,,,,,,,,,,,,,,,,
,,,,,,,,,,,,,,,,,,,,,,,,,,,,,,
,,,,,,,,,,,,,,,,,,,,,,,,,,,,,,
,,,,,,,,,,,,,,,,,,,,,,,,,,,,,,
,,,,,,,,,,,,,,,,,,,,,,,,,,,,,,
,,,,,,,,,,,,,,,,,,,,,,,,,,,,,,
,,,,,,,,,,,,,,,,,,,,,,,,,,,,,,
,,,,,,,,,,,,,,,,,,,,,,,,,,,,,,
,,,,,,,,,,,,,,,,,,,,,,,,,,,,,,
,,,,,,,,,,,,,,,,,,,,,,,,,,,,,,
,,,,,,,,,,,,,,,,,,,,,,,,,,,,,,
,,,,,,,,,,,,,,,,,,,,,,,,,,,,,,
,,,,,,,,,,,,,,,,,,,,,,,,,,,,,,
,,,,,,,,,,,,,,,,,,,,,,,,,,,,,,
,,,,,,,,,,,,,,,,,,,,,,,,,,,,,,
,,,,,,,,,,,,,,,,,,,,,,,,,,,,,,
,,,,,,,,,,,,,,,,,,,,,,,,,,,,,,
,,,,,,,,,,,,,,,,,,,,,,,,,,,,,,
,,,,,,,,,,,,,,,,,,,,,,,,,,,,,,
,,,,,,,,,,,,,,,,,,,,,,,,,,,,,,
,,,,,,,,,,,,,,,,,,,,,,,,,,,,,,
,,,,,,,,,,,,,,,,,,,,,,,,,,,,,,
,,,,,,,,,,,,,,,,,,,,,,,,,,,,,,
,,,,,,,,,,,,,,,,,,,,,,,,,,,,,,
,,,,,,,,,,,,,,,,,,,,,,,,,,,,,,
,,,,,,,,,,,,,,,,,,,,,,,,,,,,,,
,,,,,,,,,,,,,,,,,,,,,,,,,,,,,,
,,,,,,,,,,,,,,,,,,,,,,,,,,,,,,
,,,,,,,,,,,,,,,,,,,,,,,,,,,,,,
,,,,,,,,,,,,,,,,,,,,,,,,,,,,,,
,,,,,,,,,,,,,,,,,,,,,,,,,,,,,,
,,,,,,,,,,,,,,,,,,,,,,,,,,,,,,
,,,,,,,,,,,,,,,,,,,,,,,,,,,,,,
,,,,,,,,,,,,,,,,,,,,,,,,,,,,,,
,,,,,,,,,,,,,,,,,,,,,,,,,,,,,,
,,,,,,,,,,,,,,,,,,,,,,,,,,,,,,
,,,,,,,,,,,,,,,,,,,,,,,,,,,,,,
,,,,,,,,,,,,,,,,,,,,,,,,,,,,,,
,,,,,,,,,,,,,,,,,,,,,,,,,,,,,,
,,,,,,,,,,,,,,,,,,,,,,,,,,,,,,
,,,,,,,,,,,,,,,,,,,,,,,,,,,,,,
,,,,,,,,,,,,,,,,,,,,,,,,,,,,,,
,,,,,,,,,,,,,,,,,,,,,,,,,,,,,,
,,,,,,,,,,,,,,,,,,,,,,,,,,,,,,
,,,,,,,,,,,,,,,,,,,,,,,,,,,,,,
,,,,,,,,,,,,,,,,,,,,,,,,,,,,,,
,,,,,,,,,,,,,,,,,,,,,,,,,,,,,,
,,,,,,,,,,,,,,,,,,,,,,,,,,,,,,
,,,,,,,,,,,,,,,,,,,,,,,,,,,,,,
,,,,,,,,,,,,,,,,,,,,,,,,,,,,,,
,,,,,,,,,,,,,,,,,,,,,,,,,,,,,,
,,,,,,,,,,,,,,,,,,,,,,,,,,,,,,
,,,,,,,,,,,,,,,,,,,,,,,,,,,,,,
,,,,,,,,,,,,,,,,,,,,,,,,,,,,,,
,,,,,,,,,,,,,,,,,,,,,,,,,,,,,,
,,,,,,,,,,,,,,,,,,,,,,,,,,,,,,
,,,,,,,,,,,,,,,,,,,,,,,,,,,,,,
,,,,,,,,,,,,,,,,,,,,,,,,,,,,,,
,,,,,,,,,,,,,,,,,,,,,,,,,,,,,,
,,,,,,,,,,,,,,,,,,,,,,,,,,,,,,
,,,,,,,,,,,,,,,,,,,,,,,,,,,,,,
,,,,,,,,,,,,,,,,,,,,,,,,,,,,,,
,,,,,,,,,,,,,,,,,,,,,,,,,,,,,,
,,,,,,,,,,,,,,,,,,,,,,,,,,,,,,
,,,,,,,,,,,,,,,,,,,,,,,,,,,,,,
,,,,,,,,,,,,,,,,,,,,,,,,,,,,,,
,,,,,,,,,,,,,,,,,,,,,,,,,,,,,,
,,,,,,,,,,,,,,,,,,,,,,,,,,,,,,
,,,,,,,,,,,,,,,,,,,,,,,,,,,,,,
,,,,,,,,,,,,,,,,,,,,,,,,,,,,,,
,,,,,,,,,,,,,,,,,,,,,,,,,,,,,,
,,,,,,,,,,,,,,,,,,,,,,,,,,,,,,
,,,,,,,,,,,,,,,,,,,,,,,,,,,,,,
,,,,,,,,,,,,,,,,,,,,,,,,,,,,,,
,,,,,,,,,,,,,,,,,,,,,,,,,,,,,,
,,,,,,,,,,,,,,,,,,,,,,,,,,,,,,
,,,,,,,,,,,,,,,,,,,,,,,,,,,,,,
,,,,,,,,,,,,,,,,,,,,,,,,,,,,,,
,,,,,,,,,,,,,,,,,,,,,,,,,,,,,,
,,,,,,,,,,,,,,,,,,,,,,,,,,,,,,
,,,,,,,,,,,,,,,,,,,,,,,,,,,,,,
,,,,,,,,,,,,,,,,,,,,,,,,,,,,,,
,,,,,,,,,,,,,,,,,,,,,,,,,,,,,,
,,,,,,,,,,,,,,,,,,,,,,,,,,,,,,
,,,,,,,,,,,,,,,,,,,,,,,,,,,,,,
,,,,,,,,,,,,,,,,,,,,,,,,,,,,,,
,,,,,,,,,,,,,,,,,,,,,,,,,,,,,,
,,,,,,,,,,,,,,,,,,,,,,,,,,,,,,
,,,,,,,,,,,,,,,,,,,,,,,,,,,,,,
,,,,,,,,,,,,,,,,,,,,,,,,,,,,,,
,,,,,,,,,,,,,,,,,,,,,,,,,,,,,,
,,,,,,,,,,,,,,,,,,,,,,,,,,,,,,
,,,,,,,,,,,,,,,,,,,,,,,,,,,,,,
,,,,,,,,,,,,,,,,,,,,,,,,,,,,,,
,,,,,,,,,,,,,,,,,,,,,,,,,,,,,,
,,,,,,,,,,,,,,,,,,,,,,,,,,,,,,
,,,,,,,,,,,,,,,,,,,,,,,,,,,,,,
,,,,,,,,,,,,,,,,,,,,,,,,,,,,,,
,,,,,,,,,,,,,,,,,,,,,,,,,,,,,,
,,,,,,,,,,,,,,,,,,,,,,,,,,,,,,
,,,,,,,,,,,,,,,,,,,,,,,,,,,,,,
,,,,,,,,,,,,,,,,,,,,,,,,,,,,,,
,,,,,,,,,,,,,,,,,,,,,,,,,,,,,,
,,,,,,,,,,,,,,,,,,,,,,,,,,,,,,
,,,,,,,,,,,,,,,,,,,,,,,,,,,,,,
,,,,,,,,,,,,,,,,,,,,,,,,,,,,,,
,,,,,,,,,,,,,,,,,,,,,,,,,,,,,,
,,,,,,,,,,,,,,,,,,,,,,,,,,,,,,
,,,,,,,,,,,,,,,,,,,,,,,,,,,,,,
,,,,,,,,,,,,,,,,,,,,,,,,,,,,,,
,,,,,,,,,,,,,,,,,,,,,,,,,,,,,,
,,,,,,,,,,,,,,,,,,,,,,,,,,,,,,
,,,,,,,,,,,,,,,,,,,,,,,,,,,,,,
,,,,,,,,,,,,,,,,,,,,,,,,,,,,,,
,,,,,,,,,,,,,,,,,,,,,,,,,,,,,,
,,,,,,,,,,,,,,,,,,,,,,,,,,,,,,
,,,,,,,,,,,,,,,,,,,,,,,,,,,,,,
,,,,,,,,,,,,,,,,,,,,,,,,,,,,,,
,,,,,,,,,,,,,,,,,,,,,,,,,,,,,,
,,,,,,,,,,,,,,,,,,,,,,,,,,,,,,
,,,,,,,,,,,,,,,,,,,,,,,,,,,,,,
,,,,,,,,,,,,,,,,,,,,,,,,,,,,,,
,,,,,,,,,,,,,,,,,,,,,,,,,,,,,,
,,,,,,,,,,,,,,,,,,,,,,,,,,,,,,
,,,,,,,,,,,,,,,,,,,,,,,,,,,,,,
,,,,,,,,,,,,,,,,,,,,,,,,,,,,,,
,,,,,,,,,,,,,,,,,,,,,,,,,,,,,,
,,,,,,,,,,,,,,,,,,,,,,,,,,,,,,
,,,,,,,,,,,,,,,,,,,,,,,,,,,,,,
,,,,,,,,,,,,,,,,,,,,,,,,,,,,,,
,,,,,,,,,,,,,,,,,,,,,,,,,,,,,,
,,,,,,,,,,,,,,,,,,,,,,,,,,,,,,
,,,,,,,,,,,,,,,,,,,,,,,,,,,,,,
,,,,,,,,,,,,,,,,,,,,,,,,,,,,,,
,,,,,,,,,,,,,,,,,,,,,,,,,,,,,,
,,,,,,,,,,,,,,,,,,,,,,,,,,,,,,
,,,,,,,,,,,,,,,,,,,,,,,,,,,,,,
,,,,,,,,,,,,,,,,,,,,,,,,,,,,,,
,,,,,,,,,,,,,,,,,,,,,,,,,,,,,,
,,,,,,,,,,,,,,,,,,,,,,,,,,,,,,
,,,,,,,,,,,,,,,,,,,,,,,,,,,,,,
,,,,,,,,,,,,,,,,,,,,,,,,,,,,,,
,,,,,,,,,,,,,,,,,,,,,,,,,,,,,,
,,,,,,,,,,,,,,,,,,,,,,,,,,,,,,
,,,,,,,,,,,,,,,,,,,,,,,,,,,,,,
,,,,,,,,,,,,,,,,,,,,,,,,,,,,,,
,,,,,,,,,,,,,,,,,,,,,,,,,,,,,,
,,,,,,,,,,,,,,,,,,,,,,,,,,,,,,
,,,,,,,,,,,,,,,,,,,,,,,,,,,,,,
,,,,,,,,,,,,,,,,,,,,,,,,,,,,,,
,,,,,,,,,,,,,,,,,,,,,,,,,,,,,,
,,,,,,,,,,,,,,,,,,,,,,,,,,,,,,
,,,,,,,,,,,,,,,,,,,,,,,,,,,,,,
,,,,,,,,,,,,,,,,,,,,,,,,,,,,,,
,,,,,,,,,,,,,,,,,,,,,,,,,,,,,,
,,,,,,,,,,,,,,,,,,,,,,,,,,,,,,
,,,,,,,,,,,,,,,,,,,,,,,,,,,,,,
,,,,,,,,,,,,,,,,,,,,,,,,,,,,,,
,,,,,,,,,,,,,,,,,,,,,,,,,,,,,,
,,,,,,,,,,,,,,,,,,,,,,,,,,,,,,
,,,,,,,,,,,,,,,,,,,,,,,,,,,,,,
,,,,,,,,,,,,,,,,,,,,,,,,,,,,,,
,,,,,,,,,,,,,,,,,,,,,,,,,,,,,,
,,,,,,,,,,,,,,,,,,,,,,,,,,,,,,
,,,,,,,,,,,,,,,,,,,,,,,,,,,,,,
,,,,,,,,,,,,,,,,,,,,,,,,,,,,,,
,,,,,,,,,,,,,,,,,,,,,,,,,,,,,,
,,,,,,,,,,,,,,,,,,,,,,,,,,,,,,
,,,,,,,,,,,,,,,,,,,,,,,,,,,,,,
,,,,,,,,,,,,,,,,,,,,,,,,,,,,,,
,,,,,,,,,,,,,,,,,,,,,,,,,,,,,,
,,,,,,,,,,,,,,,,,,,,,,,,,,,,,,
,,,,,,,,,,,,,,,,,,,,,,,,,,,,,,
,,,,,,,,,,,,,,,,,,,,,,,,,,,,,,
,,,,,,,,,,,,,,,,,,,,,,,,,,,,,,
,,,,,,,,,,,,,,,,,,,,,,,,,,,,,,
,,,,,,,,,,,,,,,,,,,,,,,,,,,,,,
,,,,,,,,,,,,,,,,,,,,,,,,,,,,,,
,,,,,,,,,,,,,,,,,,,,,,,,,,,,,,
,,,,,,,,,,,,,,,,,,,,,,,,,,,,,,
,,,,,,,,,,,,,,,,,,,,,,,,,,,,,,
,,,,,,,,,,,,,,,,,,,,,,,,,,,,,,
,,,,,,,,,,,,,,,,,,,,,,,,,,,,,,
,,,,,,,,,,,,,,,,,,,,,,,,,,,,,,
,,,,,,,,,,,,,,,,,,,,,,,,,,,,,,
,,,,,,,,,,,,,,,,,,,,,,,,,,,,,,
,,,,,,,,,,,,,,,,,,,,,,,,,,,,,,
,,,,,,,,,,,,,,,,,,,,,,,,,,,,,,
,,,,,,,,,,,,,,,,,,,,,,,,,,,,,,
,,,,,,,,,,,,,,,,,,,,,,,,,,,,,,
,,,,,,,,,,,,,,,,,,,,,,,,,,,,,,
,,,,,,,,,,,,,,,,,,,,,,,,,,,,,,
,,,,,,,,,,,,,,,,,,,,,,,,,,,,,,
,,,,,,,,,,,,,,,,,,,,,,,,,,,,,,
,,,,,,,,,,,,,,,,,,,,,,,,,,,,,,
,,,,,,,,,,,,,,,,,,,,,,,,,,,,,,
,,,,,,,,,,,,,,,,,,,,,,,,,,,,,,
,,,,,,,,,,,,,,,,,,,,,,,,,,,,,,
,,,,,,,,,,,,,,,,,,,,,,,,,,,,,,
,,,,,,,,,,,,,,,,,,,,,,,,,,,,,,
,,,,,,,,,,,,,,,,,,,,,,,,,,,,,,
,,,,,,,,,,,,,,,,,,,,,,,,,,,,,,
,,,,,,,,,,,,,,,,,,,,,,,,,,,,,,
,,,,,,,,,,,,,,,,,,,,,,,,,,,,,,
,,,,,,,,,,,,,,,,,,,,,,,,,,,,,,
,,,,,,,,,,,,,,,,,,,,,,,,,,,,,,
,,,,,,,,,,,,,,,,,,,,,,,,,,,,,,
,,,,,,,,,,,,,,,,,,,,,,,,,,,,,,
,,,,,,,,,,,,,,,,,,,,,,,,,,,,,,
,,,,,,,,,,,,,,,,,,,,,,,,,,,,,,
,,,,,,,,,,,,,,,,,,,,,,,,,,,,,,
,,,,,,,,,,,,,,,,,,,,,,,,,,,,,,
,,,,,,,,,,,,,,,,,,,,,,,,,,,,,,
,,,,,,,,,,,,,,,,,,,,,,,,,,,,,,
,,,,,,,,,,,,,,,,,,,,,,,,,,,,,,
,,,,,,,,,,,,,,,,,,,,,,,,,,,,,,
,,,,,,,,,,,,,,,,,,,,,,,,,,,,,,
,,,,,,,,,,,,,,,,,,,,,,,,,,,,,,
,,,,,,,,,,,,,,,,,,,,,,,,,,,,,,
,,,,,,,,,,,,,,,,,,,,,,,,,,,,,,
,,,,,,,,,,,,,,,,,,,,,,,,,,,,,,
,,,,,,,,,,,,,,,,,,,,,,,,,,,,,,
,,,,,,,,,,,,,,,,,,,,,,,,,,,,,,
,,,,,,,,,,,,,,,,,,,,,,,,,,,,,,
,,,,,,,,,,,,,,,,,,,,,,,,,,,,,,
,,,,,,,,,,,,,,,,,,,,,,,,,,,,,,
,,,,,,,,,,,,,,,,,,,,,,,,,,,,,,
,,,,,,,,,,,,,,,,,,,,,,,,,,,,,,
,,,,,,,,,,,,,,,,,,,,,,,,,,,,,,
,,,,,,,,,,,,,,,,,,,,,,,,,,,,,,
,,,,,,,,,,,,,,,,,,,,,,,,,,,,,,
,,,,,,,,,,,,,,,,,,,,,,,,,,,,,,
,,,,,,,,,,,,,,,,,,,,,,,,,,,,,,
,,,,,,,,,,,,,,,,,,,,,,,,,,,,,,
,,,,,,,,,,,,,,,,,,,,,,,,,,,,,,
,,,,,,,,,,,,,,,,,,,,,,,,,,,,,,
,,,,,,,,,,,,,,,,,,,,,,,,,,,,,,
,,,,,,,,,,,,,,,,,,,,,,,,,,,,,,
,,,,,,,,,,,,,,,,,,,,,,,,,,,,,,
,,,,,,,,,,,,,,,,,,,,,,,,,,,,,,
,,,,,,,,,,,,,,,,,,,,,,,,,,,,,,
,,,,,,,,,,,,,,,,,,,,,,,,,,,,,,
,,,,,,,,,,,,,,,,,,,,,,,,,,,,,,
,,,,,,,,,,,,,,,,,,,,,,,,,,,,,,
,,,,,,,,,,,,,,,,,,,,,,,,,,,,,,
,,,,,,,,,,,,,,,,,,,,,,,,,,,,,,
,,,,,,,,,,,,,,,,,,,,,,,,,,,,,,
,,,,,,,,,,,,,,,,,,,,,,,,,,,,,,
,,,,,,,,,,,,,,,,,,,,,,,,,,,,,,
,,,,,,,,,,,,,,,,,,,,,,,,,,,,,,
,,,,,,,,,,,,,,,,,,,,,,,,,,,,,,
,,,,,,,,,,,,,,,,,,,,,,,,,,,,,,
,,,,,,,,,,,,,,,,,,,,,,,,,,,,,,
,,,,,,,,,,,,,,,,,,,,,,,,,,,,,,
,,,,,,,,,,,,,,,,,,,,,,,,,,,,,,
,,,,,,,,,,,,,,,,,,,,,,,,,,,,,,
,,,,,,,,,,,,,,,,,,,,,,,,,,,,,,
,,,,,,,,,,,,,,,,,,,,,,,,,,,,,,
,,,,,,,,,,,,,,,,,,,,,,,,,,,,,,
,,,,,,,,,,,,,,,,,,,,,,,,,,,,,,
,,,,,,,,,,,,,,,,,,,,,,,,,,,,,,
,,,,,,,,,,,,,,,,,,,,,,,,,,,,,,
,,,,,,,,,,,,,,,,,,,,,,,,,,,,,,
,,,,,,,,,,,,,,,,,,,,,,,,,,,,,,
,,,,,,,,,,,,,,,,,,,,,,,,,,,,,,
,,,,,,,,,,,,,,,,,,,,,,,,,,,,,,
,,,,,,,,,,,,,,,,,,,,,,,,,,,,,,
,,,,,,,,,,,,,,,,,,,,,,,,,,,,,,
,,,,,,,,,,,,,,,,,,,,,,,,,,,,,,
,,,,,,,,,,,,,,,,,,,,,,,,,,,,,,
,,,,,,,,,,,,,,,,,,,,,,,,,,,,,,
,,,,,,,,,,,,,,,,,,,,,,,,,,,,,,
,,,,,,,,,,,,,,,,,,,,,,,,,,,,,,
,,,,,,,,,,,,,,,,,,,,,,,,,,,,,,
,,,,,,,,,,,,,,,,,,,,,,,,,,,,,,
,,,,,,,,,,,,,,,,,,,,,,,,,,,,,,
,,,,,,,,,,,,,,,,,,,,,,,,,,,,,,
,,,,,,,,,,,,,,,,,,,,,,,,,,,,,,
,,,,,,,,,,,,,,,,,,,,,,,,,,,,,,
,,,,,,,,,,,,,,,,,,,,,,,,,,,,,,
,,,,,,,,,,,,,,,,,,,,,,,,,,,,,,
,,,,,,,,,,,,,,,,,,,,,,,,,,,,,,
,,,,,,,,,,,,,,,,,,,,,,,,,,,,,,
,,,,,,,,,,,,,,,,,,,,,,,,,,,,,,
,,,,,,,,,,,,,,,,,,,,,,,,,,,,,,
,,,,,,,,,,,,,,,,,,,,,,,,,,,,,,
,,,,,,,,,,,,,,,,,,,,,,,,,,,,,,
,,,,,,,,,,,,,,,,,,,,,,,,,,,,,,
,,,,,,,,,,,,,,,,,,,,,,,,,,,,,,
,,,,,,,,,,,,,,,,,,,,,,,,,,,,,,
,,,,,,,,,,,,,,,,,,,,,,,,,,,,,,
,,,,,,,,,,,,,,,,,,,,,,,,,,,,,,
